,stop_name,6313 (Barrie),6314 (Barrie),6315 (Barrie),6316 (Barrie),6317 (Barrie),6318 (Barrie),6322 (Barrie),6329 (Barrie),6331 (Barrie),6332 (Barrie),6333 (Barrie),6334 (Barrie),6504 (Barrie),6521 (Barrie),6606 (Barrie),6608 (Barrie),6627 (Barrie),6727 (Barrie),6806 (Barrie),6808 (Barrie),6825 (Barrie),6908 (Barrie),6910 (Barrie),6911 (Barrie),6912 (Barrie),6919 (Barrie),6920 (Barrie),6923 (Barrie),6927 (Barrie),6935 (Barrie),6936 (Barrie),6937 (Barrie),3009 (Kitchener),3011 (Kitchener),3015 (Kitchener),3017 (Kitchener),3019 (Kitchener),3021 (Kitchener),3023 (Kitchener),3025 (Kitchener),3031 (Kitchener),3033 (Kitchener),3035 (Kitchener),3037 (Kitchener),3108 (Kitchener),3110 (Kitchener),3126 (Kitchener),3128 (Kitchener),3205 (Kitchener),3207 (Kitchener),3209 (Kitchener),3227 (Kitchener),3308 (Kitchener),3310 (Kitchener),3312 (Kitchener),3316 (Kitchener),3318 (Kitchener),3320 (Kitchener),3322 (Kitchener),3328 (Kitchener),3332 (Kitchener),3334 (Kitchener),3336 (Kitchener),3338 (Kitchener),3414 (Kitchener),3416 (Kitchener),3420 (Kitchener),3422 (Kitchener),3432 (Kitchener),3434 (Kitchener),3513 (Kitchener),3515 (Kitchener),3519 (Kitchener),3521 (Kitchener),3529 (Kitchener),3531 (Kitchener),3533 (Kitchener),3539 (Kitchener),3604 (Kitchener),3606 (Kitchener),3625 (Kitchener),3627 (Kitchener),3812 (Kitchener),3818 (Kitchener),3824 (Kitchener),3829 (Kitchener),3836 (Kitchener),3858 (Kitchener),3860 (Kitchener),3875 (Kitchener),3877 (Kitchener),3904 (Kitchener),3906 (Kitchener),3911 (Kitchener),3917 (Kitchener),3923 (Kitchener),3935 (Kitchener),3937 (Kitchener),3958 (Kitchener),3960 (Kitchener),3975 (Kitchener),3977 (Kitchener),9004 (Lakeshore East),9005 (Lakeshore East),9006 (Lakeshore East),9007 (Lakeshore East),9008 (Lakeshore East),9009 (Lakeshore East),9010 (Lakeshore East),9011 (Lakeshore East),9013 (Lakeshore East),9015 (Lakeshore East),9017 (Lakeshore East),9019 (Lakeshore East),9021 (Lakeshore East),9023 (Lakeshore East),9024 (Lakeshore East),9025 (Lakeshore East),9026 (Lakeshore East),9027 (Lakeshore East),9029 (Lakeshore East),9031 (Lakeshore East),9032 (Lakeshore East),9033 (Lakeshore East),9035 (Lakeshore East),9037 (Lakeshore East),9039 (Lakeshore East),9041 (Lakeshore East),9109 (Lakeshore East),9112 (Lakeshore East),9114 (Lakeshore East),9116 (Lakeshore East),9118 (Lakeshore East),9120 (Lakeshore East),9122 (Lakeshore East),9124 (Lakeshore East),9126 (Lakeshore East),9128 (Lakeshore East),9130 (Lakeshore East),9134 (Lakeshore East),9136 (Lakeshore East),9138 (Lakeshore East),9140 (Lakeshore East),9204 (Lakeshore East),9205 (Lakeshore East),9206 (Lakeshore East),9207 (Lakeshore East),9208 (Lakeshore East),9209 (Lakeshore East),9211 (Lakeshore East),9213 (Lakeshore East),9215 (Lakeshore East),9217 (Lakeshore East),9219 (Lakeshore East),9221 (Lakeshore East),9223 (Lakeshore East),9224 (Lakeshore East),9225 (Lakeshore East),9226 (Lakeshore East),9227 (Lakeshore East),9229 (Lakeshore East),9231 (Lakeshore East),9233 (Lakeshore East),9235 (Lakeshore East),9237 (Lakeshore East),9239 (Lakeshore East),9241 (Lakeshore East),9307 (Lakeshore East),9309 (Lakeshore East),9310 (Lakeshore East),9312 (Lakeshore East),9314 (Lakeshore East),9316 (Lakeshore East),9318 (Lakeshore East),9320 (Lakeshore East),9322 (Lakeshore East),9324 (Lakeshore East),9326 (Lakeshore East),9328 (Lakeshore East),9330 (Lakeshore East),9332 (Lakeshore East),9334 (Lakeshore East),9336 (Lakeshore East),9338 (Lakeshore East),9340 (Lakeshore East),1004 (Lakeshore West),1005 (Lakeshore West),1006 (Lakeshore West),1007 (Lakeshore West),1009 (Lakeshore West),1011 (Lakeshore West),1012 (Lakeshore West),1013 (Lakeshore West),1014 (Lakeshore West),1015 (Lakeshore West),1016 (Lakeshore West),1017 (Lakeshore West),1018 (Lakeshore West),1019 (Lakeshore West),1020 (Lakeshore West),1021 (Lakeshore West),1022 (Lakeshore West),1023 (Lakeshore West),1024 (Lakeshore West),1026 (Lakeshore West),1028 (Lakeshore West),1029 (Lakeshore West),1030 (Lakeshore West),1031 (Lakeshore West),1032 (Lakeshore West),1033 (Lakeshore West),1034 (Lakeshore West),1035 (Lakeshore West),1036 (Lakeshore West),1037 (Lakeshore West),1038 (Lakeshore West),1039 (Lakeshore West),1040 (Lakeshore West),1041 (Lakeshore West),1075 (Lakeshore West),1077 (Lakeshore West),1108 (Lakeshore West),1110 (Lakeshore West),1125 (Lakeshore West),1127 (Lakeshore West),1256 (Lakeshore West),1258 (Lakeshore West),1306 (Lakeshore West),1308 (Lakeshore West),1310 (Lakeshore West),1323 (Lakeshore West),1325 (Lakeshore West),1327 (Lakeshore West),1704 (Lakeshore West),1705 (Lakeshore West),1707 (Lakeshore West),1709 (Lakeshore West),1710 (Lakeshore West),1711 (Lakeshore West),1712 (Lakeshore West),1713 (Lakeshore West),1714 (Lakeshore West),1715 (Lakeshore West),1716 (Lakeshore West),1717 (Lakeshore West),1718 (Lakeshore West),1719 (Lakeshore West),1720 (Lakeshore West),1721 (Lakeshore West),1722 (Lakeshore West),1724 (Lakeshore West),1726 (Lakeshore West),1727 (Lakeshore West),1728 (Lakeshore West),1729 (Lakeshore West),1730 (Lakeshore West),1731 (Lakeshore West),1732 (Lakeshore West),1733 (Lakeshore West),1734 (Lakeshore West),1735 (Lakeshore West),1736 (Lakeshore West),1737 (Lakeshore West),1738 (Lakeshore West),1739 (Lakeshore West),1740 (Lakeshore West),1741 (Lakeshore West),1756 (Lakeshore West),1758 (Lakeshore West),1775 (Lakeshore West),1777 (Lakeshore West),1854 (Lakeshore West),1856 (Lakeshore West),1858 (Lakeshore West),1860 (Lakeshore West),1873 (Lakeshore West),1875 (Lakeshore West),1877 (Lakeshore West),1879 (Lakeshore West),1960 (Lakeshore West),1961 (Lakeshore West),1972 (Lakeshore West),1977 (Lakeshore West),1988 (Lakeshore West),X1987 (Lakeshore West),2706 (Milton),2710 (Milton),2712 (Milton),2714 (Milton),2716 (Milton),2718 (Milton),2720 (Milton),2722 (Milton),2723 (Milton),2724 (Milton),2726 (Milton),2727 (Milton),2729 (Milton),2731 (Milton),2735 (Milton),2737 (Milton),2739 (Milton),2741 (Milton),2745 (Milton),2749 (Milton),5006 (Richmond Hill),5008 (Richmond Hill),5010 (Richmond Hill),5127 (Richmond Hill),5208 (Richmond Hill),5323 (Richmond Hill),5325 (Richmond Hill),5327 (Richmond Hill),5329 (Richmond Hill),7410 (Stouffville),7412 (Stouffville),7414 (Stouffville),7415 (Stouffville),7416 (Stouffville),7417 (Stouffville),7418 (Stouffville),7419 (Stouffville),7420 (Stouffville),7421 (Stouffville),7423 (Stouffville),7425 (Stouffville),7428 (Stouffville),7430 (Stouffville),7432 (Stouffville),7433 (Stouffville),7434 (Stouffville),7435 (Stouffville),7436 (Stouffville),7437 (Stouffville),7439 (Stouffville),7622 (Stouffville),7624 (Stouffville),7626 (Stouffville),7638 (Stouffville),7640 (Stouffville),7705 (Stouffville),7707 (Stouffville),7709 (Stouffville),7711 (Stouffville),7713 (Stouffville),7824 (Stouffville),7826 (Stouffville),7907 (Stouffville),7909 (Stouffville)
0,West Harbour GO,,,,,,,,,,,,,,,,,,,,,,,,,,,,,,,,,,,,,,,,,,,,,,,,,,,,,,,,,,,,,,,,,,,,,,,,,,,,,,,,,,,,,,,,,,,,,,,,,,,,,,,,,,,,,,,,,,,,,,,,,,,,,,,,,,,,,,,,,,,,,,,,,,,,,,,,,,,,,,,,,,,,,,,,,,,,,,,,,,,,,,,,,,,,,,,,,,,,,,,,,,,,,,,,,,,,,,,,,,,,,,,,,,,,,,,,,,05:11:00 (1),08:01:00 (41),09:08:00 (41),10:09:00 (41),08:25:00 (1),11:09:00 (41),09:25:00 (1),12:09:00 (41),10:25:00 (1),13:09:00 (41),11:25:00 (1),14:09:00 (41),12:25:00 (1),15:09:00 (41),13:25:00 (1),16:09:00 (41),14:25:00 (1),15:26:00 (1),16:23:00 (1),19:10:00 (41),17:23:00 (1),20:10:00 (41),18:24:00 (1),21:10:00 (41),19:24:00 (1),22:10:00 (41),20:24:00 (1),23:10:00 (41),21:24:00 (1),24:10:00 (41),22:24:00 (1),25:10:00 (41),23:25:00 (1),26:10:00 (41),06:08:00 (1),07:09:00 (1),17:11:00 (41),18:11:00 (41),,,,,,,,,07:55:00 (19),,,18:31:00 (41),,,,,,,,,,,,,,,,,,,,,,,,,,,,,,,,,,,,,,,,,,,,,,,,,,,,,,,,,,,,,,,,,,
1,Whitby GO,,,,,,,,,,,,,,,,,,,,,,,,,,,,,,,,,,,,,,,,,,,,,,,,,,,,,,,,,,,,,,,,,,,,,,,,,,,,,,,,,,,,,,,,,,,,,,,,,,,,,,,07:00:00 (24),05:10:00 (5),08:00:00 (24),06:15:00 (5),09:04:00 (24),07:15:00 (5),10:00:00 (24),08:15:00 (5),09:15:00 (5),10:15:00 (5),11:15:00 (5),12:15:00 (5),13:15:00 (5),14:15:00 (5),17:00:00 (24),15:15:00 (5),18:00:00 (24),16:15:00 (5),17:15:00 (5),18:15:00 (5),21:15:00 (24),19:15:00 (5),20:15:00 (5),21:15:00 (5),22:15:00 (5),23:15:00 (5),07:30:00 (5),11:15:00 (24),12:15:00 (24),13:15:00 (24),14:15:00 (24),15:15:00 (24),16:15:00 (24),17:15:00 (24),18:15:00 (24),19:15:00 (24),20:15:00 (24),22:15:00 (24),23:15:00 (24),24:15:00 (24),25:15:00 (24),07:30:00 (24),05:40:00 (5),08:34:00 (24),06:45:00 (5),09:34:00 (24),07:45:00 (5),08:45:00 (5),09:45:00 (5),10:45:00 (5),11:45:00 (5),12:45:00 (5),13:45:00 (5),14:45:00 (5),17:30:00 (24),15:45:00 (5),18:30:00 (24),16:45:00 (5),17:45:00 (5),18:45:00 (5),19:45:00 (5),20:45:00 (5),21:45:00 (5),22:45:00 (5),23:44:00 (5),07:00:00 (5),08:00:00 (5),10:45:00 (24),11:45:00 (24),12:45:00 (24),13:45:00 (24),14:45:00 (24),15:45:00 (24),16:45:00 (24),17:45:00 (24),18:45:00 (24),19:45:00 (24),20:45:00 (24),21:45:00 (24),22:45:00 (24),23:45:00 (24),24:45:00 (24),25:48:00 (24),,,,,,,,,,,,,,,,,,,,,,,,,,,,,,,,,,,,,,,,,,,,,,,,,,,,,,,,,,,,,,,,,,,,,,,,,,,,,,,,,,,,,,,,,,,,,,,,,,,,,,,,,,,,,,,,,,,,,,,,,,,,,,,,,,,,,,,,,,,,,,,,,,,,,,,,,,,,,,,,,,,,
2,Weston GO,,,,,,,,,,,,,,,,,,,,,,,,,,,,,,,,,08:21:00 (11),09:21:00 (11),11:21:00 (11),12:21:00 (11),13:21:00 (11),14:21:00 (11),15:21:00 (11),16:21:00 (11),19:21:00 (11),20:21:00 (11),21:21:00 (11),22:21:00 (11),08:11:00 (8),09:11:00 (8),16:44:00 (8),17:44:00 (8),06:51:00 (11),07:51:00 (11),08:51:00 (11),17:51:00 (11),08:41:00 (8),09:41:00 (8),10:41:00 (8),12:41:00 (8),13:41:00 (8),14:41:00 (8),15:41:00 (8),18:41:00 (8),20:41:00 (8),21:41:00 (8),22:41:00 (8),23:41:00 (8),11:11:00 (14),12:11:00 (14),14:11:00 (14),15:11:00 (14),20:11:00 (14),21:11:00 (14),10:50:00 (11),11:51:00 (11),13:51:00 (11),14:51:00 (11),18:51:00 (11),19:51:00 (11),20:51:00 (11),23:51:00 (11),06:11:00 (19),07:11:00 (19),16:51:00 (11),17:21:00 (11),10:10:00 (31),13:11:00 (31),16:11:00 (31),18:21:00 (11),22:11:00 (31),,,,,06:41:00 (31),07:41:00 (31),09:50:00 (11),12:51:00 (11),15:51:00 (11),21:51:00 (11),22:51:00 (11),,,,,,,,,,,,,,,,,,,,,,,,,,,,,,,,,,,,,,,,,,,,,,,,,,,,,,,,,,,,,,,,,,,,,,,,,,,,,,,,,,,,,,,,,,,,,,,,,,,,,,,,,,,,,,,,,,,,,,,,,,,,,,,,,,,,,,,,,,,,,,,,,,,,,,,,,,,,,,,,,,,,,,,,,,,,,,,,,,,,,,,,,,,,,,,,,,,,,,,,,,,,,,,,,,,,,,,,,,,,,,,,,,,,,,,,,,,,,,,,,,,,,,,,,,,
3,Union Station,10:54:00 (1),11:47:00 (22),11:54:00 (1),12:46:00 (22),12:54:00 (1),13:46:00 (22),15:54:00 (22),18:54:00 (1),19:54:00 (1),20:46:00 (22),20:54:00 (1),21:46:00 (22),06:33:00 (28),15:02:00 (1),07:03:00 (35),08:03:00 (35),17:08:00 (1),17:23:00 (1),07:33:00 (35),08:33:00 (35),16:38:00 (1),08:48:00 (35),09:48:00 (35),09:54:00 (1),10:49:00 (35),14:01:00 (1),14:52:00 (35),15:53:00 (1),17:53:00 (1),22:01:00 (1),22:52:00 (35),22:54:00 (1),08:04:00 (1),09:04:00 (1),11:04:00 (1),12:04:00 (1),13:04:00 (1),14:04:00 (1),15:04:00 (1),16:04:00 (1),19:04:00 (1),20:04:00 (1),21:04:00 (1),22:04:00 (1),08:29:00 (18),09:29:00 (18),17:02:00 (18),18:02:00 (18),06:34:00 (1),07:34:00 (1),08:34:00 (1),17:34:00 (1),08:59:00 (18),09:59:00 (18),10:59:00 (18),12:59:00 (18),13:59:00 (18),14:59:00 (18),15:59:00 (18),18:59:00 (18),20:59:00 (18),21:59:00 (18),22:59:00 (18),23:59:00 (18),11:29:00 (24),12:29:00 (24),14:29:00 (24),15:29:00 (24),20:29:00 (24),21:29:00 (24),10:33:00 (1),11:34:00 (1),13:34:00 (1),14:34:00 (1),18:34:00 (1),19:34:00 (1),20:34:00 (1),23:34:00 (1),06:29:00 (29),07:29:00 (29),16:34:00 (1),17:04:00 (1),10:28:00 (41),13:29:00 (41),16:29:00 (41),18:04:00 (1),22:29:00 (41),08:14:00 (41),09:14:00 (41),16:19:00 (1),17:19:00 (1),06:59:00 (41),07:59:00 (41),09:33:00 (1),12:34:00 (1),15:34:00 (1),21:34:00 (1),22:34:00 (1),08:44:00 (41),09:44:00 (41),16:49:00 (1),17:49:00 (1),06:05:00 (1),06:07:00 (28),07:05:00 (1),07:12:00 (28),08:09:00 (1),08:12:00 (28),09:05:00 (1),09:12:00 (28),10:12:00 (28),11:12:00 (28),12:12:00 (28),13:12:00 (28),14:12:00 (28),15:12:00 (28),16:05:00 (1),16:12:00 (28),17:05:00 (1),17:12:00 (28),18:12:00 (28),19:12:00 (28),20:20:00 (1),20:12:00 (28),21:12:00 (28),22:12:00 (28),23:12:00 (28),24:12:00 (28),08:27:00 (28),10:20:00 (1),11:20:00 (1),12:20:00 (1),13:20:00 (1),14:20:00 (1),15:20:00 (1),16:20:00 (1),17:20:00 (1),18:20:00 (1),19:20:00 (1),21:20:00 (1),22:20:00 (1),23:20:00 (1),24:20:00 (1),06:35:00 (1),06:37:00 (28),07:39:00 (1),07:42:00 (28),08:39:00 (1),08:42:00 (28),09:42:00 (28),10:42:00 (28),11:42:00 (28),12:42:00 (28),13:42:00 (28),14:42:00 (28),15:42:00 (28),16:35:00 (1),16:42:00 (28),17:35:00 (1),17:42:00 (28),18:42:00 (28),19:42:00 (28),20:42:00 (28),21:42:00 (28),22:42:00 (28),23:42:00 (28),24:41:00 (28),07:57:00 (28),08:57:00 (28),09:50:00 (1),10:50:00 (1),11:50:00 (1),12:50:00 (1),13:50:00 (1),14:50:00 (1),15:50:00 (1),16:50:00 (1),17:50:00 (1),18:50:00 (1),19:50:00 (1),20:50:00 (1),21:50:00 (1),22:50:00 (1),23:50:00 (1),24:53:00 (1),06:00:00 (34),06:12:00 (1),07:00:00 (34),07:17:00 (1),08:17:00 (1),09:17:00 (1),10:15:00 (34),10:17:00 (1),11:15:00 (34),11:17:00 (1),12:15:00 (34),12:17:00 (1),13:15:00 (34),13:17:00 (1),14:15:00 (34),14:17:00 (1),15:15:00 (34),15:17:00 (1),16:15:00 (34),17:15:00 (34),18:15:00 (34),18:17:00 (1),19:15:00 (34),19:17:00 (1),20:15:00 (34),20:17:00 (1),21:15:00 (34),21:17:00 (1),22:15:00 (34),22:17:00 (1),23:15:00 (34),23:17:00 (1),24:15:00 (34),24:17:00 (1),16:30:00 (1),17:30:00 (1),08:04:00 (22),09:04:00 (22),16:06:00 (1),17:06:00 (1),07:47:00 (34),08:47:00 (34),07:34:00 (22),08:34:00 (22),09:20:00 (22),15:36:00 (1),16:36:00 (1),17:36:00 (1),06:30:00 (41),06:42:00 (1),07:47:00 (1),08:47:00 (1),09:45:00 (41),09:47:00 (1),10:45:00 (41),10:47:00 (1),11:45:00 (41),11:47:00 (1),12:45:00 (41),12:47:00 (1),13:45:00 (41),13:47:00 (1),14:45:00 (41),14:47:00 (1),15:45:00 (41),16:45:00 (41),17:45:00 (41),17:47:00 (1),18:45:00 (41),18:47:00 (1),19:45:00 (41),19:47:00 (1),20:45:00 (41),20:47:00 (1),21:45:00 (41),21:47:00 (1),22:45:00 (41),22:47:00 (1),23:45:00 (41),23:47:00 (1),24:46:00 (41),24:47:00 (1),07:17:00 (41),08:18:00 (41),16:00:00 (1),17:00:00 (1),07:02:00 (43),07:32:00 (43),08:02:00 (43),08:32:00 (43),15:51:00 (1),16:21:00 (1),16:51:00 (1),17:51:00 (1),09:04:00 (59),09:10:00 (1),15:27:00 (57),17:21:00 (1),23:28:00 (57),22:22:00 (1),07:03:00 (35),07:33:00 (35),07:48:00 (35),08:03:00 (35),08:18:00 (35),08:33:00 (35),08:48:00 (35),09:03:00 (35),15:40:00 (1),09:18:00 (35),09:33:00 (35),16:10:00 (1),16:25:00 (1),16:40:00 (1),16:55:00 (1),17:10:00 (1),17:25:00 (1),17:55:00 (1),18:25:00 (1),19:10:00 (1),07:05:00 (29),08:05:00 (29),09:05:00 (29),17:15:00 (1),08:35:00 (29),15:45:00 (1),16:45:00 (1),17:45:00 (1),18:45:00 (1),09:12:00 (1),10:12:00 (1),11:12:00 (1),11:29:00 (24),12:12:00 (1),12:29:00 (24),13:12:00 (1),13:29:00 (24),14:12:00 (1),14:29:00 (24),15:29:00 (24),16:29:00 (24),18:12:00 (1),19:12:00 (1),20:12:00 (1),20:29:00 (24),21:12:00 (1),21:29:00 (24),22:12:00 (1),22:29:00 (24),23:29:00 (24),15:12:00 (1),16:12:00 (1),17:12:00 (1),23:12:00 (1),24:12:00 (1),06:29:00 (27),07:29:00 (27),08:29:00 (27),09:29:00 (27),10:29:00 (27),16:42:00 (1),17:42:00 (1),07:59:00 (27),08:59:00 (27)
4,Unionville GO,,,,,,,,,,,,,,,,,,,,,,,,,,,,,,,,,,,,,,,,,,,,,,,,,,,,,,,,,,,,,,,,,,,,,,,,,,,,,,,,,,,,,,,,,,,,,,,,,,,,,,,,,,,,,,,,,,,,,,,,,,,,,,,,,,,,,,,,,,,,,,,,,,,,,,,,,,,,,,,,,,,,,,,,,,,,,,,,,,,,,,,,,,,,,,,,,,,,,,,,,,,,,,,,,,,,,,,,,,,,,,,,,,,,,,,,,,,,,,,,,,,,,,,,,,,,,,,,,,,,,,,,,,,,,,,,,,,,,,,,,,,,,,,,,,,,,,,,,,,,,,,,,,,,,,,,,,,09:52:00 (19),10:52:00 (19),11:52:00 (19),10:48:00 (6),12:52:00 (19),11:48:00 (6),13:52:00 (19),12:48:00 (6),14:52:00 (19),13:48:00 (6),14:48:00 (6),15:48:00 (6),18:52:00 (19),19:52:00 (19),20:52:00 (19),19:48:00 (6),21:52:00 (19),20:48:00 (6),22:52:00 (19),21:48:00 (6),22:48:00 (6),15:52:00 (19),16:52:00 (19),17:52:00 (19),23:52:00 (19),24:52:00 (19),05:48:00 (9),06:48:00 (9),07:48:00 (9),08:48:00 (9),09:48:00 (9),17:22:00 (19),18:22:00 (19),07:18:00 (9),08:18:00 (9)
5,Stouffville GO,,,,,,,,,,,,,,,,,,,,,,,,,,,,,,,,,,,,,,,,,,,,,,,,,,,,,,,,,,,,,,,,,,,,,,,,,,,,,,,,,,,,,,,,,,,,,,,,,,,,,,,,,,,,,,,,,,,,,,,,,,,,,,,,,,,,,,,,,,,,,,,,,,,,,,,,,,,,,,,,,,,,,,,,,,,,,,,,,,,,,,,,,,,,,,,,,,,,,,,,,,,,,,,,,,,,,,,,,,,,,,,,,,,,,,,,,,,,,,,,,,,,,,,,,,,,,,,,,,,,,,,,,,,,,,,,,,,,,,,,,,,,,,,,,,,,,,,,,,,,,,,,,,,,,,,,,,,,,,,,,,,,,,,,,,,,,,,,16:18:00 (26),17:18:00 (26),18:18:00 (26),24:18:00 (26),25:18:00 (26),05:23:00 (2),06:23:00 (2),07:23:00 (2),08:23:00 (2),09:24:00 (2),17:48:00 (26),18:48:00 (26),06:53:00 (2),07:53:00 (2)
6,Streetsville GO,,,,,,,,,,,,,,,,,,,,,,,,,,,,,,,,,,,,,,,,,,,,,,,,,,,,,,,,,,,,,,,,,,,,,,,,,,,,,,,,,,,,,,,,,,,,,,,,,,,,,,,,,,,,,,,,,,,,,,,,,,,,,,,,,,,,,,,,,,,,,,,,,,,,,,,,,,,,,,,,,,,,,,,,,,,,,,,,,,,,,,,,,,,,,,,,,,,,,,,,,,,,,,,,,,,,,,,,,,,,,,,,,,,,,,,,,,,,,,,,,,,,,,,,,,,,,,,,,,,,,,,,,,,,,,,,,,,,,,,,,,,,,,06:20:00 (11),06:50:00 (11),07:05:00 (11),07:20:00 (11),07:35:00 (11),07:50:00 (11),08:05:00 (11),08:20:00 (11),16:20:00 (25),08:35:00 (11),08:50:00 (11),16:50:00 (25),17:05:00 (25),17:20:00 (25),17:35:00 (25),17:50:00 (25),18:05:00 (25),18:35:00 (25),19:05:00 (25),19:50:00 (25),,,,,,,,,,,,,,,,,,,,,,,,,,,,,,,,,,,,,,,,,,,,
7,St. Catharines GO,,,,,,,,,,,,,,,,,,,,,,,,,,,,,,,,,,,,,,,,,,,,,,,,,,,,,,,,,,,,,,,,,,,,,,,,,,,,,,,,,,,,,,,,,,,,,,,,,,,,,,,,,,,,,,,,,,,,,,,,,,,,,,,,,,,,,,,,,,,,,,,,,,,,,,,,,,,,,,,,,,,,,,,,,,,,,,,,,,,,,,,,,,,,,,,,,,,,,,,,,,,,,,,,,,,,,,,,,,,,,,,,,,,,,,,,,,,,,,,,,,,,,,,,,,,,,,,,,,,,,,,,,,,,,,,,,,,,,,,,06:55:00 (6),10:58:00 (52),13:34:00 (6),19:30:00 (54),21:34:00 (6),24:14:00 (52),,,,,,,,,,,,,,,,,,,,,,,,,,,,,,,,,,,,,,,,,,,,,,,,,,,,,,,,,,,,,,,,
8,Scarborough GO,,,,,,,,,,,,,,,,,,,,,,,,,,,,,,,,,,,,,,,,,,,,,,,,,,,,,,,,,,,,,,,,,,,,,,,,,,,,,,,,,,,,,,,,,,,,,,,,,,,,,,,06:23:00 (12),05:48:00 (17),07:23:00 (12),06:53:00 (17),08:27:00 (12),07:53:00 (17),09:23:00 (12),08:53:00 (17),09:53:00 (17),10:53:00 (17),11:53:00 (17),12:53:00 (17),13:53:00 (17),14:53:00 (17),16:23:00 (12),15:53:00 (17),17:23:00 (12),16:53:00 (17),17:53:00 (17),18:53:00 (17),20:38:00 (12),19:53:00 (17),20:53:00 (17),21:53:00 (17),22:53:00 (17),23:53:00 (17),08:08:00 (17),10:38:00 (12),11:38:00 (12),12:38:00 (12),13:38:00 (12),14:38:00 (12),15:38:00 (12),16:38:00 (12),17:38:00 (12),18:38:00 (12),19:38:00 (12),21:38:00 (12),22:38:00 (12),23:38:00 (12),24:38:00 (12),06:53:00 (12),06:18:00 (17),07:57:00 (12),07:23:00 (17),08:57:00 (12),08:23:00 (17),09:23:00 (17),10:23:00 (17),11:23:00 (17),12:23:00 (17),13:23:00 (17),14:23:00 (17),15:23:00 (17),16:53:00 (12),16:23:00 (17),17:53:00 (12),17:23:00 (17),18:23:00 (17),19:23:00 (17),20:23:00 (17),21:23:00 (17),22:23:00 (17),23:23:00 (17),24:22:00 (17),07:38:00 (17),08:38:00 (17),10:08:00 (12),11:08:00 (12),12:08:00 (12),13:08:00 (12),14:08:00 (12),15:08:00 (12),16:08:00 (12),17:08:00 (12),18:08:00 (12),19:08:00 (12),20:08:00 (12),21:08:00 (12),22:08:00 (12),23:08:00 (12),24:08:00 (12),25:11:00 (12),,,,,,,,,,,,,,,,,,,,,,,,,,,,,,,,,,,,,,,,,,,,,,,,,,,,,,,,,,,,,,,,,,,,,,,,,,,,,,,,,,,,,,,,,,,,,,,,,,,,,,,,,,,,,,,,,,,,,,,,,,,,,,,,,,,,,,,,,,,,,,,,,,,,,,,,,,,,,,,,,,,,
9,Rutherford GO,11:24:00 (15),11:18:00 (8),12:23:00 (15),12:16:00 (8),13:23:00 (15),13:16:00 (8),15:25:00 (8),19:23:00 (15),20:23:00 (15),20:16:00 (8),21:23:00 (15),21:16:00 (8),06:04:00 (14),15:32:00 (15),06:34:00 (21),07:34:00 (21),17:37:00 (15),17:52:00 (15),07:04:00 (21),08:04:00 (21),17:07:00 (15),08:19:00 (21),09:19:00 (21),10:23:00 (15),10:17:00 (21),14:30:00 (15),14:22:00 (21),16:22:00 (15),18:22:00 (15),22:30:00 (15),22:23:00 (21),23:24:00 (15),,,,,,,,,,,,,,,,,,,,,,,,,,,,,,,,,,,,,,,,,,,,,,,,,,,,,,,,,,,,,,,,,,,,,,,,,,,,,,,,,,,,,,,,,,,,,,,,,,,,,,,,,,,,,,,,,,,,,,,,,,,,,,,,,,,,,,,,,,,,,,,,,,,,,,,,,,,,,,,,,,,,,,,,,,,,,,,,,,,,,,,,,,,,,,,,,,,,,,,,,,,,,,,,,,,,,,,,,,,,,,,,,,,,,,,,,,,,,,,,,,,,,,,,,,,,,,,,,,,,,,,,,,,,,,,,,,,,,,,,,,,,,,,,,,,,,,,,,,,,,,,,,,,,,,,,,,,,,
10,Rouge Hill GO,,,,,,,,,,,,,,,,,,,,,,,,,,,,,,,,,,,,,,,,,,,,,,,,,,,,,,,,,,,,,,,,,,,,,,,,,,,,,,,,,,,,,,,,,,,,,,,,,,,,,,,06:39:00 (17),05:30:00 (12),07:39:00 (17),06:35:00 (12),08:43:00 (17),07:35:00 (12),09:39:00 (17),08:35:00 (12),09:35:00 (12),10:35:00 (12),11:35:00 (12),12:35:00 (12),13:35:00 (12),14:35:00 (12),16:39:00 (17),15:35:00 (12),17:39:00 (17),16:35:00 (12),17:35:00 (12),18:35:00 (12),20:54:00 (17),19:35:00 (12),20:35:00 (12),21:35:00 (12),22:35:00 (12),23:35:00 (12),07:50:00 (12),10:54:00 (17),11:54:00 (17),12:54:00 (17),13:54:00 (17),14:54:00 (17),15:54:00 (17),16:54:00 (17),17:54:00 (17),18:54:00 (17),19:54:00 (17),21:54:00 (17),22:54:00 (17),23:54:00 (17),24:54:00 (17),07:09:00 (17),06:00:00 (12),08:13:00 (17),07:05:00 (12),09:13:00 (17),08:05:00 (12),09:05:00 (12),10:05:00 (12),11:05:00 (12),12:05:00 (12),13:05:00 (12),14:05:00 (12),15:05:00 (12),17:09:00 (17),16:05:00 (12),18:09:00 (17),17:05:00 (12),18:05:00 (12),19:05:00 (12),20:05:00 (12),21:05:00 (12),22:05:00 (12),23:05:00 (12),24:04:00 (12),07:20:00 (12),08:20:00 (12),10:24:00 (17),11:24:00 (17),12:24:00 (17),13:24:00 (17),14:24:00 (17),15:24:00 (17),16:24:00 (17),17:24:00 (17),18:24:00 (17),19:24:00 (17),20:24:00 (17),21:24:00 (17),22:24:00 (17),23:24:00 (17),24:24:00 (17),25:27:00 (17),,,,,,,,,,,,,,,,,,,,,,,,,,,,,,,,,,,,,,,,,,,,,,,,,,,,,,,,,,,,,,,,,,,,,,,,,,,,,,,,,,,,,,,,,,,,,,,,,,,,,,,,,,,,,,,,,,,,,,,,,,,,,,,,,,,,,,,,,,,,,,,,,,,,,,,,,,,,,,,,,,,,
11,Richmond Hill GO,,,,,,,,,,,,,,,,,,,,,,,,,,,,,,,,,,,,,,,,,,,,,,,,,,,,,,,,,,,,,,,,,,,,,,,,,,,,,,,,,,,,,,,,,,,,,,,,,,,,,,,,,,,,,,,,,,,,,,,,,,,,,,,,,,,,,,,,,,,,,,,,,,,,,,,,,,,,,,,,,,,,,,,,,,,,,,,,,,,,,,,,,,,,,,,,,,,,,,,,,,,,,,,,,,,,,,,,,,,,,,,,,,,,,,,,,,,,,,,,,,,,,,,,,,,,,,,,,,,,,,,,,,,,,,,,,,,,,,,,,,,,,,,,,,,,,,,,,,,,,,,,,,06:11:00 (7),07:11:00 (7),08:11:00 (7),18:04:00 (23),07:41:00 (7),16:34:00 (23),17:34:00 (23),18:34:00 (23),19:34:00 (23),,,,,,,,,,,,,,,,,,,,,,,,,,,,,,,,,,,
12,Port Credit GO,,,,,,,,,,,,,,,,,,,,,,,,,,,,,,,,,,,,,,,,,,,,,,,,,,,,,,,,,,,,,,,,,,,,,,,,,,,,,,,,,,,,,,,,,,,,,,,,,,,,,,,,,,,,,,,,,,,,,,,,,,,,,,,,,,,,,,,,,,,,,,,,,,,,,,,,,,,,,,,,,,,,,,,,,,,,,,,,,,,,,,,,,,05:30:00 (20),06:38:00 (15),06:30:00 (20),07:44:00 (15),08:44:00 (15),09:45:00 (15),09:44:00 (20),10:45:00 (15),10:44:00 (20),11:45:00 (15),11:44:00 (20),12:45:00 (15),12:44:00 (20),13:45:00 (15),13:44:00 (20),14:45:00 (15),14:44:00 (20),15:45:00 (15),15:44:00 (20),16:45:00 (20),17:45:00 (20),18:46:00 (15),18:43:00 (20),19:46:00 (15),19:43:00 (20),20:46:00 (15),20:43:00 (20),21:46:00 (15),21:43:00 (20),22:46:00 (15),22:43:00 (20),23:46:00 (15),23:43:00 (20),24:46:00 (15),,,07:34:00 (8),08:34:00 (8),16:33:00 (15),17:33:00 (15),,,07:04:00 (8),08:04:00 (8),08:50:00 (8),16:03:00 (15),17:03:00 (15),18:03:00 (15),06:00:00 (27),07:08:00 (15),08:14:00 (15),09:15:00 (15),09:14:00 (27),10:15:00 (15),10:14:00 (27),11:15:00 (15),11:14:00 (27),12:15:00 (15),12:14:00 (27),13:15:00 (15),13:14:00 (27),14:15:00 (15),14:14:00 (27),15:15:00 (15),15:14:00 (27),16:15:00 (27),17:14:00 (27),18:16:00 (15),18:14:00 (27),19:16:00 (15),19:13:00 (27),20:16:00 (15),20:13:00 (27),21:16:00 (15),21:13:00 (27),22:16:00 (15),22:13:00 (27),23:16:00 (15),23:13:00 (27),24:16:00 (15),24:14:00 (27),25:17:00 (15),,,,,,,,,,,,,,09:32:00 (15),15:02:00 (43),,23:03:00 (43),22:45:00 (15),,,,,,,,,,,,,,,,,,,,,,,,,,,,,,,,,,,,,,,,,,,,,,,,,,,,,,,,,,,,,,,,
13,Pickering GO,,,,,,,,,,,,,,,,,,,,,,,,,,,,,,,,,,,,,,,,,,,,,,,,,,,,,,,,,,,,,,,,,,,,,,,,,,,,,,,,,,,,,,,,,,,,,,,,,,,,,,,06:47:00 (20),05:23:00 (9),07:47:00 (20),06:28:00 (9),08:51:00 (20),07:28:00 (9),09:47:00 (20),08:28:00 (9),09:28:00 (9),10:28:00 (9),11:28:00 (9),12:28:00 (9),13:28:00 (9),14:28:00 (9),16:47:00 (20),15:28:00 (9),17:47:00 (20),16:28:00 (9),17:28:00 (9),18:28:00 (9),21:02:00 (20),19:28:00 (9),20:28:00 (9),21:28:00 (9),22:28:00 (9),23:28:00 (9),07:43:00 (9),11:02:00 (20),12:02:00 (20),13:02:00 (20),14:02:00 (20),15:02:00 (20),16:02:00 (20),17:02:00 (20),18:02:00 (20),19:02:00 (20),20:02:00 (20),22:02:00 (20),23:02:00 (20),24:02:00 (20),25:02:00 (20),07:17:00 (20),05:53:00 (9),08:21:00 (20),06:58:00 (9),09:21:00 (20),07:58:00 (9),08:58:00 (9),09:58:00 (9),10:58:00 (9),11:58:00 (9),12:58:00 (9),13:58:00 (9),14:58:00 (9),17:17:00 (20),15:58:00 (9),18:17:00 (20),16:58:00 (9),17:58:00 (9),18:58:00 (9),19:58:00 (9),20:58:00 (9),21:58:00 (9),22:58:00 (9),23:57:00 (9),07:13:00 (9),08:13:00 (9),10:32:00 (20),11:32:00 (20),12:32:00 (20),13:32:00 (20),14:32:00 (20),15:32:00 (20),16:32:00 (20),17:32:00 (20),18:32:00 (20),19:32:00 (20),20:32:00 (20),21:32:00 (20),22:32:00 (20),23:32:00 (20),24:32:00 (20),25:35:00 (20),,,,,,,,,,,,,,,,,,,,,,,,,,,,,,,,,,,,,,,,,,,,,,,,,,,,,,,,,,,,,,,,,,,,,,,,,,,,,,,,,,,,,,,,,,,,,,,,,,,,,,,,,,,,,,,,,,,,,,,,,,,,,,,,,,,,,,,,,,,,,,,,,,,,,,,,,,,,,,,,,,,,
14,Durham College Oshawa GO,,,,,,,,,,,,,,,,,,,,,,,,,,,,,,,,,,,,,,,,,,,,,,,,,,,,,,,,,,,,,,,,,,,,,,,,,,,,,,,,,,,,,,,,,,,,,,,,,,,,,,,07:07:00 (28),05:05:00 (1),08:07:00 (28),06:10:00 (1),09:11:00 (28),07:10:00 (1),10:07:00 (28),08:10:00 (1),09:10:00 (1),10:10:00 (1),11:10:00 (1),12:10:00 (1),13:10:00 (1),14:10:00 (1),17:07:00 (28),15:10:00 (1),18:07:00 (28),16:10:00 (1),17:10:00 (1),18:10:00 (1),21:22:00 (28),19:10:00 (1),20:10:00 (1),21:10:00 (1),22:10:00 (1),23:10:00 (1),07:25:00 (1),11:22:00 (28),12:22:00 (28),13:22:00 (28),14:22:00 (28),15:22:00 (28),16:22:00 (28),17:22:00 (28),18:22:00 (28),19:22:00 (28),20:22:00 (28),22:22:00 (28),23:22:00 (28),24:22:00 (28),25:22:00 (28),07:37:00 (28),05:35:00 (1),08:41:00 (28),06:40:00 (1),09:41:00 (28),07:40:00 (1),08:40:00 (1),09:40:00 (1),10:40:00 (1),11:40:00 (1),12:40:00 (1),13:40:00 (1),14:40:00 (1),17:37:00 (28),15:40:00 (1),18:37:00 (28),16:40:00 (1),17:40:00 (1),18:40:00 (1),19:40:00 (1),20:40:00 (1),21:40:00 (1),22:40:00 (1),23:39:00 (1),06:55:00 (1),07:55:00 (1),10:52:00 (28),11:52:00 (28),12:52:00 (28),13:52:00 (28),14:52:00 (28),15:52:00 (28),16:52:00 (28),17:52:00 (28),18:52:00 (28),19:52:00 (28),20:52:00 (28),21:52:00 (28),22:52:00 (28),23:52:00 (28),24:52:00 (28),25:55:00 (28),,,,,,,,,,,,,,,,,,,,,,,,,,,,,,,,,,,,,,,,,,,,,,,,,,,,,,,,,,,,,,,,,,,,,,,,,,,,,,,,,,,,,,,,,,,,,,,,,,,,,,,,,,,,,,,,,,,,,,,,,,,,,,,,,,,,,,,,,,,,,,,,,,,,,,,,,,,,,,,,,,,,
15,Oriole GO,,,,,,,,,,,,,,,,,,,,,,,,,,,,,,,,,,,,,,,,,,,,,,,,,,,,,,,,,,,,,,,,,,,,,,,,,,,,,,,,,,,,,,,,,,,,,,,,,,,,,,,,,,,,,,,,,,,,,,,,,,,,,,,,,,,,,,,,,,,,,,,,,,,,,,,,,,,,,,,,,,,,,,,,,,,,,,,,,,,,,,,,,,,,,,,,,,,,,,,,,,,,,,,,,,,,,,,,,,,,,,,,,,,,,,,,,,,,,,,,,,,,,,,,,,,,,,,,,,,,,,,,,,,,,,,,,,,,,,,,,,,,,,,,,,,,,,,,,,,,,,,,,,06:30:00 (16),07:30:00 (16),08:30:00 (16),17:45:00 (14),08:00:00 (16),16:15:00 (14),17:15:00 (14),18:15:00 (14),19:15:00 (14),,,,,,,,,,,,,,,,,,,,,,,,,,,,,,,,,,,
16,Old Cummer GO,,,,,,,,,,,,,,,,,,,,,,,,,,,,,,,,,,,,,,,,,,,,,,,,,,,,,,,,,,,,,,,,,,,,,,,,,,,,,,,,,,,,,,,,,,,,,,,,,,,,,,,,,,,,,,,,,,,,,,,,,,,,,,,,,,,,,,,,,,,,,,,,,,,,,,,,,,,,,,,,,,,,,,,,,,,,,,,,,,,,,,,,,,,,,,,,,,,,,,,,,,,,,,,,,,,,,,,,,,,,,,,,,,,,,,,,,,,,,,,,,,,,,,,,,,,,,,,,,,,,,,,,,,,,,,,,,,,,,,,,,,,,,,,,,,,,,,,,,,,,,,,,,,06:25:00 (15),07:25:00 (15),08:25:00 (15),17:50:00 (15),07:55:00 (15),16:20:00 (15),17:20:00 (15),18:20:00 (15),19:20:00 (15),,,,,,,,,,,,,,,,,,,,,,,,,,,,,,,,,,,
17,Oakville GO,,,,,,,,,,,,,,,,,,,,,,,,,,,,,,,,,,,,,,,,,,,,,,,,,,,,,,,,,,,,,,,,,,,,,,,,,,,,,,,,,,,,,,,,,,,,,,,,,,,,,,,,,,,,,,,,,,,,,,,,,,,,,,,,,,,,,,,,,,,,,,,,,,,,,,,,,,,,,,,,,,,,,,,,,,,,,,,,,,,,,,,,,,05:17:00 (13),06:52:00 (22),06:17:00 (13),07:58:00 (22),08:58:00 (22),09:59:00 (22),09:31:00 (13),10:59:00 (22),10:31:00 (13),11:59:00 (22),11:31:00 (13),12:59:00 (22),12:31:00 (13),13:59:00 (22),13:31:00 (13),14:59:00 (22),14:31:00 (13),15:59:00 (22),15:31:00 (13),16:32:00 (13),17:31:00 (13),19:00:00 (22),18:30:00 (13),20:00:00 (22),19:30:00 (13),21:00:00 (22),20:30:00 (13),22:00:00 (22),21:30:00 (13),23:00:00 (22),22:30:00 (13),24:01:00 (22),23:30:00 (13),25:00:00 (22),17:02:00 (22),18:02:00 (22),07:21:00 (1),08:21:00 (1),16:49:00 (22),17:49:00 (22),07:14:00 (13),08:14:00 (13),06:51:00 (1),07:51:00 (1),08:37:00 (1),16:19:00 (22),17:19:00 (22),18:19:00 (22),05:47:00 (20),07:22:00 (22),08:28:00 (22),09:29:00 (22),09:01:00 (20),10:29:00 (22),10:01:00 (20),11:29:00 (22),11:01:00 (20),12:29:00 (22),12:01:00 (20),13:29:00 (22),13:01:00 (20),14:29:00 (22),14:01:00 (20),15:29:00 (22),15:01:00 (20),16:02:00 (20),17:00:00 (20),18:30:00 (22),18:00:00 (20),19:30:00 (22),19:00:00 (20),20:30:00 (22),20:00:00 (20),21:30:00 (22),21:00:00 (20),22:30:00 (22),22:00:00 (20),23:30:00 (22),23:00:00 (20),24:30:00 (22),24:01:00 (20),25:31:00 (22),06:44:00 (20),07:45:00 (20),16:31:00 (22),17:31:00 (22),06:29:00 (22),06:59:00 (22),07:29:00 (22),07:59:00 (22),16:23:00 (22),16:53:00 (22),17:23:00 (22),18:23:00 (22),08:31:00 (38),09:43:00 (22),14:50:00 (36),17:53:00 (22),22:51:00 (36),22:58:00 (22),,,,,,,,,,,,,,,,,,,,,,,,,,,,,,,,,,,,,,,,,,,,,,,,,,,,,,,,,,,,,,,,
18,Niagara Falls GO,,,,,,,,,,,,,,,,,,,,,,,,,,,,,,,,,,,,,,,,,,,,,,,,,,,,,,,,,,,,,,,,,,,,,,,,,,,,,,,,,,,,,,,,,,,,,,,,,,,,,,,,,,,,,,,,,,,,,,,,,,,,,,,,,,,,,,,,,,,,,,,,,,,,,,,,,,,,,,,,,,,,,,,,,,,,,,,,,,,,,,,,,,,,,,,,,,,,,,,,,,,,,,,,,,,,,,,,,,,,,,,,,,,,,,,,,,,,,,,,,,,,,,,,,,,,,,,,,,,,,,,,,,,,,,,,,,,,,,,,06:30:00 (1),11:26:00 (57),13:09:00 (1),19:58:00 (59),21:09:00 (1),24:42:00 (57),,,,,,,,,,,,,,,,,,,,,,,,,,,,,,,,,,,,,,,,,,,,,,,,,,,,,,,,,,,,,,,,
19,Newmarket GO,,,,,,,,,,,,,05:33:00 (4),16:02:00 (25),06:01:00 (11),07:01:00 (11),18:11:00 (25),18:26:00 (25),06:31:00 (11),07:31:00 (11),17:41:00 (25),07:46:00 (11),08:46:00 (11),10:52:00 (25),09:46:00 (11),14:59:00 (25),13:52:00 (11),16:56:00 (25),18:56:00 (25),23:00:00 (25),21:54:00 (11),23:54:00 (25),,,,,,,,,,,,,,,,,,,,,,,,,,,,,,,,,,,,,,,,,,,,,,,,,,,,,,,,,,,,,,,,,,,,,,,,,,,,,,,,,,,,,,,,,,,,,,,,,,,,,,,,,,,,,,,,,,,,,,,,,,,,,,,,,,,,,,,,,,,,,,,,,,,,,,,,,,,,,,,,,,,,,,,,,,,,,,,,,,,,,,,,,,,,,,,,,,,,,,,,,,,,,,,,,,,,,,,,,,,,,,,,,,,,,,,,,,,,,,,,,,,,,,,,,,,,,,,,,,,,,,,,,,,,,,,,,,,,,,,,,,,,,,,,,,,,,,,,,,,,,,,,,,,,,,,,,,,,,
20,Markham GO,,,,,,,,,,,,,,,,,,,,,,,,,,,,,,,,,,,,,,,,,,,,,,,,,,,,,,,,,,,,,,,,,,,,,,,,,,,,,,,,,,,,,,,,,,,,,,,,,,,,,,,,,,,,,,,,,,,,,,,,,,,,,,,,,,,,,,,,,,,,,,,,,,,,,,,,,,,,,,,,,,,,,,,,,,,,,,,,,,,,,,,,,,,,,,,,,,,,,,,,,,,,,,,,,,,,,,,,,,,,,,,,,,,,,,,,,,,,,,,,,,,,,,,,,,,,,,,,,,,,,,,,,,,,,,,,,,,,,,,,,,,,,,,,,,,,,,,,,,,,,,,,,,,,,,,,,,,10:02:00 (22),11:02:00 (22),12:02:00 (22),10:38:00 (3),13:02:00 (22),11:38:00 (3),14:02:00 (22),12:38:00 (3),15:02:00 (22),13:38:00 (3),14:38:00 (3),15:38:00 (3),19:02:00 (22),20:02:00 (22),21:02:00 (22),19:38:00 (3),22:02:00 (22),20:38:00 (3),23:02:00 (22),21:38:00 (3),22:38:00 (3),16:02:00 (22),17:02:00 (22),18:02:00 (22),24:02:00 (22),25:02:00 (22),05:37:00 (6),06:37:00 (6),07:37:00 (6),08:37:00 (6),09:38:00 (6),17:32:00 (22),18:32:00 (22),07:07:00 (6),08:07:00 (6)
21,Maple GO,11:28:00 (16),11:14:00 (7),12:27:00 (16),12:12:00 (7),13:27:00 (16),13:12:00 (7),15:21:00 (7),19:27:00 (16),20:27:00 (16),20:12:00 (7),21:27:00 (16),21:12:00 (7),05:59:00 (13),15:36:00 (16),06:29:00 (20),07:29:00 (20),17:42:00 (16),17:57:00 (16),06:59:00 (20),07:59:00 (20),17:12:00 (16),08:14:00 (20),09:14:00 (20),10:27:00 (16),10:12:00 (20),14:34:00 (16),14:18:00 (20),16:27:00 (16),18:27:00 (16),22:34:00 (16),22:19:00 (20),23:28:00 (16),,,,,,,,,,,,,,,,,,,,,,,,,,,,,,,,,,,,,,,,,,,,,,,,,,,,,,,,,,,,,,,,,,,,,,,,,,,,,,,,,,,,,,,,,,,,,,,,,,,,,,,,,,,,,,,,,,,,,,,,,,,,,,,,,,,,,,,,,,,,,,,,,,,,,,,,,,,,,,,,,,,,,,,,,,,,,,,,,,,,,,,,,,,,,,,,,,,,,,,,,,,,,,,,,,,,,,,,,,,,,,,,,,,,,,,,,,,,,,,,,,,,,,,,,,,,,,,,,,,,,,,,,,,,,,,,,,,,,,,,,,,,,,,,,,,,,,,,,,,,,,,,,,,,,,,,,,,,,
22,Mount Pleasant GO,,,,,,,,,,,,,,,,,,,,,,,,,,,,,,,,,,,,,,,,,,,,,,,,,,,,,,,,,,,,,,,,,10:40:00 (1),11:42:00 (1),13:42:00 (1),14:42:00 (1),19:42:00 (1),20:42:00 (1),11:22:00 (24),12:23:00 (24),14:23:00 (24),15:23:00 (24),19:23:00 (24),20:23:00 (24),21:23:00 (24),24:23:00 (24),05:40:00 (6),06:40:00 (6),17:23:00 (24),17:53:00 (24),09:39:00 (18),12:42:00 (18),15:42:00 (18),18:53:00 (24),21:42:00 (18),07:33:00 (18),08:33:00 (18),17:00:00 (24),18:00:00 (24),06:10:00 (18),07:10:00 (18),10:22:00 (24),13:23:00 (24),16:23:00 (24),22:23:00 (24),23:23:00 (24),08:03:00 (18),09:03:00 (18),17:30:00 (24),18:34:00 (24),,,,,,,,,,,,,,,,,,,,,,,,,,,,,,,,,,,,,,,,,,,,,,,,,,,,,,,,,,,,,,,,,,,,,,,,,,,,,,,,,,,,,,,,,,,,,,,,,,,,,,,,,,,,,,,,,,,,,,,,,,,,,,,,,,,,,,,,,,,,,,,,,,,,,,,,,,,,,,,,,,,,,,,,,,,,,,,,,,,,,,,,,,,,,,,,,,,,,,,,,,,,,,,,,,,,,,,,,,,,,,,,,,,,,,,,,,,,,,,,,,,,,,,
23,Milton GO,,,,,,,,,,,,,,,,,,,,,,,,,,,,,,,,,,,,,,,,,,,,,,,,,,,,,,,,,,,,,,,,,,,,,,,,,,,,,,,,,,,,,,,,,,,,,,,,,,,,,,,,,,,,,,,,,,,,,,,,,,,,,,,,,,,,,,,,,,,,,,,,,,,,,,,,,,,,,,,,,,,,,,,,,,,,,,,,,,,,,,,,,,,,,,,,,,,,,,,,,,,,,,,,,,,,,,,,,,,,,,,,,,,,,,,,,,,,,,,,,,,,,,,,,,,,,,,,,,,,,,,,,,,,,,,,,,,,,,,,,,,,,,06:00:00 (1),06:30:00 (1),06:45:00 (1),07:00:00 (1),07:15:00 (1),07:30:00 (1),07:45:00 (1),08:00:00 (1),16:40:00 (35),08:15:00 (1),08:30:00 (1),17:10:00 (35),17:25:00 (35),17:40:00 (35),17:55:00 (35),18:10:00 (35),18:25:00 (35),18:55:00 (35),19:25:00 (35),20:10:00 (35),,,,,,,,,,,,,,,,,,,,,,,,,,,,,,,,,,,,,,,,,,,,
24,Milliken GO,,,,,,,,,,,,,,,,,,,,,,,,,,,,,,,,,,,,,,,,,,,,,,,,,,,,,,,,,,,,,,,,,,,,,,,,,,,,,,,,,,,,,,,,,,,,,,,,,,,,,,,,,,,,,,,,,,,,,,,,,,,,,,,,,,,,,,,,,,,,,,,,,,,,,,,,,,,,,,,,,,,,,,,,,,,,,,,,,,,,,,,,,,,,,,,,,,,,,,,,,,,,,,,,,,,,,,,,,,,,,,,,,,,,,,,,,,,,,,,,,,,,,,,,,,,,,,,,,,,,,,,,,,,,,,,,,,,,,,,,,,,,,,,,,,,,,,,,,,,,,,,,,,,,,,,,,,,09:46:00 (16),10:46:00 (16),11:46:00 (16),10:54:00 (9),12:46:00 (16),11:54:00 (9),13:46:00 (16),12:54:00 (9),14:46:00 (16),13:54:00 (9),14:54:00 (9),15:54:00 (9),18:46:00 (16),19:46:00 (16),20:46:00 (16),19:54:00 (9),21:46:00 (16),20:54:00 (9),22:46:00 (16),21:54:00 (9),22:54:00 (9),15:46:00 (16),16:46:00 (16),17:46:00 (16),23:46:00 (16),24:46:00 (16),05:54:00 (12),06:54:00 (12),07:54:00 (12),08:54:00 (12),09:54:00 (12),17:16:00 (16),18:16:00 (16),07:24:00 (12),08:24:00 (12)
25,Mount Joy GO,,,,,,,,,,,,,,,,,,,,,,,,,,,,,,,,,,,,,,,,,,,,,,,,,,,,,,,,,,,,,,,,,,,,,,,,,,,,,,,,,,,,,,,,,,,,,,,,,,,,,,,,,,,,,,,,,,,,,,,,,,,,,,,,,,,,,,,,,,,,,,,,,,,,,,,,,,,,,,,,,,,,,,,,,,,,,,,,,,,,,,,,,,,,,,,,,,,,,,,,,,,,,,,,,,,,,,,,,,,,,,,,,,,,,,,,,,,,,,,,,,,,,,,,,,,,,,,,,,,,,,,,,,,,,,,,,,,,,,,,,,,,,,,,,,,,,,,,,,,,,,,,,,,,,,,,,,,10:07:00 (24),11:07:00 (24),12:07:00 (24),10:34:00 (1),13:07:00 (24),11:34:00 (1),14:07:00 (24),12:34:00 (1),15:07:00 (24),13:34:00 (1),14:34:00 (1),15:34:00 (1),19:07:00 (24),20:07:00 (24),21:07:00 (24),19:34:00 (1),22:07:00 (24),20:34:00 (1),23:07:00 (24),21:34:00 (1),22:34:00 (1),16:07:00 (24),17:07:00 (24),18:07:00 (24),24:07:00 (24),25:07:00 (24),05:33:00 (4),06:33:00 (4),07:33:00 (4),08:33:00 (4),09:34:00 (4),17:37:00 (24),18:37:00 (24),07:03:00 (4),08:03:00 (4)
26,Mimico GO,,,,,,,,,,,,,,,,,,,,,,,,,,,,,,,,,,,,,,,,,,,,,,,,,,,,,,,,,,,,,,,,,,,,,,,,,,,,,,,,,,,,,,,,,,,,,,,,,,,,,,,,,,,,,,,,,,,,,,,,,,,,,,,,,,,,,,,,,,,,,,,,,,,,,,,,,,,,,,,,,,,,,,,,,,,,,,,,,,,,,,,,,,05:44:00 (24),06:26:00 (11),06:44:00 (24),07:31:00 (11),08:31:00 (11),09:32:00 (11),09:59:00 (24),10:32:00 (11),10:59:00 (24),11:32:00 (11),11:59:00 (24),12:32:00 (11),12:59:00 (24),13:32:00 (11),13:59:00 (24),14:32:00 (11),14:59:00 (24),15:32:00 (11),15:59:00 (24),16:59:00 (24),17:59:00 (24),18:33:00 (11),18:58:00 (24),19:33:00 (11),19:58:00 (24),20:33:00 (11),20:58:00 (24),21:33:00 (11),21:58:00 (24),22:33:00 (11),22:58:00 (24),23:33:00 (11),23:58:00 (24),24:33:00 (11),,,07:48:00 (12),08:48:00 (12),16:20:00 (11),17:20:00 (11),,,07:18:00 (12),08:18:00 (12),09:04:00 (12),15:50:00 (11),16:50:00 (11),17:50:00 (11),06:14:00 (31),06:56:00 (11),08:01:00 (11),09:02:00 (11),09:29:00 (31),10:02:00 (11),10:29:00 (31),11:02:00 (11),11:29:00 (31),12:02:00 (11),12:29:00 (31),13:02:00 (11),13:29:00 (31),14:02:00 (11),14:29:00 (31),15:02:00 (11),15:29:00 (31),16:29:00 (31),17:28:00 (31),18:03:00 (11),18:28:00 (31),19:03:00 (11),19:28:00 (31),20:03:00 (11),20:28:00 (31),21:03:00 (11),21:28:00 (31),22:03:00 (11),22:28:00 (31),23:03:00 (11),23:28:00 (31),24:03:00 (11),24:29:00 (31),25:04:00 (11),,,,,,,,,,,,,,,,,,,,,,,,,,,,,,,,,,,,,,,,,,,,,,,,,,,,,,,,,,,,,,,,,,,,,,,,,,,,,,,,,,
27,Meadowvale GO,,,,,,,,,,,,,,,,,,,,,,,,,,,,,,,,,,,,,,,,,,,,,,,,,,,,,,,,,,,,,,,,,,,,,,,,,,,,,,,,,,,,,,,,,,,,,,,,,,,,,,,,,,,,,,,,,,,,,,,,,,,,,,,,,,,,,,,,,,,,,,,,,,,,,,,,,,,,,,,,,,,,,,,,,,,,,,,,,,,,,,,,,,,,,,,,,,,,,,,,,,,,,,,,,,,,,,,,,,,,,,,,,,,,,,,,,,,,,,,,,,,,,,,,,,,,,,,,,,,,,,,,,,,,,,,,,,,,,,,,,,,,,,06:13:00 (8),06:43:00 (8),06:58:00 (8),07:13:00 (8),07:28:00 (8),07:43:00 (8),07:58:00 (8),08:13:00 (8),16:26:00 (28),08:28:00 (8),08:43:00 (8),16:56:00 (28),17:11:00 (28),17:26:00 (28),17:41:00 (28),17:56:00 (28),18:11:00 (28),18:41:00 (28),19:11:00 (28),19:56:00 (28),,,,,,,,,,,,,,,,,,,,,,,,,,,,,,,,,,,,,,,,,,,,
28,Malton GO,,,,,,,,,,,,,,,,,,,,,,,,,,,,,,,,,08:32:00 (15),09:32:00 (15),11:32:00 (15),12:32:00 (15),13:32:00 (15),14:32:00 (15),15:32:00 (15),16:32:00 (15),19:32:00 (15),20:32:00 (15),21:32:00 (15),22:32:00 (15),08:00:00 (4),09:00:00 (4),16:35:00 (4),17:35:00 (4),07:02:00 (15),08:02:00 (15),09:02:00 (15),18:02:00 (15),08:30:00 (4),09:30:00 (4),10:30:00 (4),12:30:00 (4),13:30:00 (4),14:30:00 (4),15:30:00 (4),18:32:00 (4),20:30:00 (4),21:30:00 (4),22:30:00 (4),23:30:00 (4),11:00:00 (10),12:02:00 (10),14:02:00 (10),15:02:00 (10),20:02:00 (10),21:02:00 (10),11:01:00 (15),12:02:00 (15),14:02:00 (15),15:02:00 (15),19:02:00 (15),20:02:00 (15),21:02:00 (15),24:02:00 (15),06:00:00 (15),07:00:00 (15),17:02:00 (15),17:32:00 (15),09:59:00 (27),13:02:00 (27),16:02:00 (27),18:32:00 (15),22:02:00 (27),,,,,06:30:00 (27),07:30:00 (27),10:01:00 (15),13:02:00 (15),16:02:00 (15),22:02:00 (15),23:02:00 (15),,,,,,,,,,,,,,,,,,,,,,,,,,,,,,,,,,,,,,,,,,,,,,,,,,,,,,,,,,,,,,,,,,,,,,,,,,,,,,,,,,,,,,,,,,,,,,,,,,,,,,,,,,,,,,,,,,,,,,,,,,,,,,,,,,,,,,,,,,,,,,,,,,,,,,,,,,,,,,,,,,,,,,,,,,,,,,,,,,,,,,,,,,,,,,,,,,,,,,,,,,,,,,,,,,,,,,,,,,,,,,,,,,,,,,,,,,,,,,,,,,,,,,,,,,,
29,Lisgar GO,,,,,,,,,,,,,,,,,,,,,,,,,,,,,,,,,,,,,,,,,,,,,,,,,,,,,,,,,,,,,,,,,,,,,,,,,,,,,,,,,,,,,,,,,,,,,,,,,,,,,,,,,,,,,,,,,,,,,,,,,,,,,,,,,,,,,,,,,,,,,,,,,,,,,,,,,,,,,,,,,,,,,,,,,,,,,,,,,,,,,,,,,,,,,,,,,,,,,,,,,,,,,,,,,,,,,,,,,,,,,,,,,,,,,,,,,,,,,,,,,,,,,,,,,,,,,,,,,,,,,,,,,,,,,,,,,,,,,,,,,,,,,,06:08:00 (6),06:38:00 (6),06:53:00 (6),07:08:00 (6),07:23:00 (6),07:38:00 (6),07:53:00 (6),08:08:00 (6),16:31:00 (30),08:23:00 (6),08:38:00 (6),17:01:00 (30),17:16:00 (30),17:31:00 (30),17:46:00 (30),18:01:00 (30),18:16:00 (30),18:46:00 (30),19:16:00 (30),20:01:00 (30),,,,,,,,,,,,,,,,,,,,,,,,,,,,,,,,,,,,,,,,,,,,
30,Long Branch GO,,,,,,,,,,,,,,,,,,,,,,,,,,,,,,,,,,,,,,,,,,,,,,,,,,,,,,,,,,,,,,,,,,,,,,,,,,,,,,,,,,,,,,,,,,,,,,,,,,,,,,,,,,,,,,,,,,,,,,,,,,,,,,,,,,,,,,,,,,,,,,,,,,,,,,,,,,,,,,,,,,,,,,,,,,,,,,,,,,,,,,,,,,05:37:00 (22),06:32:00 (13),06:37:00 (22),07:37:00 (13),08:37:00 (13),09:38:00 (13),09:51:00 (22),10:38:00 (13),10:51:00 (22),11:38:00 (13),11:51:00 (22),12:38:00 (13),12:51:00 (22),13:38:00 (13),13:51:00 (22),14:38:00 (13),14:51:00 (22),15:38:00 (13),15:51:00 (22),16:52:00 (22),17:52:00 (22),18:39:00 (13),18:50:00 (22),19:39:00 (13),19:50:00 (22),20:39:00 (13),20:50:00 (22),21:39:00 (13),21:50:00 (22),22:39:00 (13),22:50:00 (22),23:39:00 (13),23:50:00 (22),24:39:00 (13),,,07:41:00 (10),08:41:00 (10),16:26:00 (13),17:26:00 (13),,,07:11:00 (10),08:11:00 (10),08:57:00 (10),15:56:00 (13),16:56:00 (13),17:56:00 (13),06:07:00 (29),07:02:00 (13),08:07:00 (13),09:08:00 (13),09:21:00 (29),10:08:00 (13),10:21:00 (29),11:08:00 (13),11:21:00 (29),12:08:00 (13),12:21:00 (29),13:08:00 (13),13:21:00 (29),14:08:00 (13),14:21:00 (29),15:08:00 (13),15:21:00 (29),16:22:00 (29),17:21:00 (29),18:09:00 (13),18:21:00 (29),19:09:00 (13),19:20:00 (29),20:09:00 (13),20:20:00 (29),21:09:00 (13),21:20:00 (29),22:09:00 (13),22:20:00 (29),23:09:00 (13),23:20:00 (29),24:09:00 (13),24:21:00 (29),25:10:00 (13),,,,,,,,,,,,,,,,,,,,,,,,,,,,,,,,,,,,,,,,,,,,,,,,,,,,,,,,,,,,,,,,,,,,,,,,,,,,,,,,,,
31,Old Elm GO,,,,,,,,,,,,,,,,,,,,,,,,,,,,,,,,,,,,,,,,,,,,,,,,,,,,,,,,,,,,,,,,,,,,,,,,,,,,,,,,,,,,,,,,,,,,,,,,,,,,,,,,,,,,,,,,,,,,,,,,,,,,,,,,,,,,,,,,,,,,,,,,,,,,,,,,,,,,,,,,,,,,,,,,,,,,,,,,,,,,,,,,,,,,,,,,,,,,,,,,,,,,,,,,,,,,,,,,,,,,,,,,,,,,,,,,,,,,,,,,,,,,,,,,,,,,,,,,,,,,,,,,,,,,,,,,,,,,,,,,,,,,,,,,,,,,,,,,,,,,,,,,,,,,,,,,,,,,,,,,,,,,,,,,,,,,,,,,16:24:00 (27),17:24:00 (27),18:24:00 (27),24:24:00 (27),25:24:00 (27),05:18:00 (1),06:18:00 (1),07:18:00 (1),08:18:00 (1),09:19:00 (1),17:54:00 (27),18:54:00 (27),06:48:00 (1),07:48:00 (1)
32,Langstaff GO,,,,,,,,,,,,,,,,,,,,,,,,,,,,,,,,,,,,,,,,,,,,,,,,,,,,,,,,,,,,,,,,,,,,,,,,,,,,,,,,,,,,,,,,,,,,,,,,,,,,,,,,,,,,,,,,,,,,,,,,,,,,,,,,,,,,,,,,,,,,,,,,,,,,,,,,,,,,,,,,,,,,,,,,,,,,,,,,,,,,,,,,,,,,,,,,,,,,,,,,,,,,,,,,,,,,,,,,,,,,,,,,,,,,,,,,,,,,,,,,,,,,,,,,,,,,,,,,,,,,,,,,,,,,,,,,,,,,,,,,,,,,,,,,,,,,,,,,,,,,,,,,,,06:17:00 (9),07:17:00 (9),08:17:00 (9),17:58:00 (21),07:47:00 (9),16:28:00 (21),17:28:00 (21),18:28:00 (21),19:28:00 (21),,,,,,,,,,,,,,,,,,,,,,,,,,,,,,,,,,,
33,Kipling GO,,,,,,,,,,,,,,,,,,,,,,,,,,,,,,,,,,,,,,,,,,,,,,,,,,,,,,,,,,,,,,,,,,,,,,,,,,,,,,,,,,,,,,,,,,,,,,,,,,,,,,,,,,,,,,,,,,,,,,,,,,,,,,,,,,,,,,,,,,,,,,,,,,,,,,,,,,,,,,,,,,,,,,,,,,,,,,,,,,,,,,,,,,,,,,,,,,,,,,,,,,,,,,,,,,,,,,,,,,,,,,,,,,,,,,,,,,,,,,,,,,,,,,,,,,,,,,,,,,,,,,,,,,,,,,,,,,,,,,,,,,,,,,06:42:00 (19),07:12:00 (19),07:27:00 (19),07:42:00 (19),07:57:00 (19),08:12:00 (19),08:27:00 (19),08:42:00 (19),15:58:00 (17),08:57:00 (19),09:12:00 (19),16:28:00 (17),16:43:00 (17),16:58:00 (17),17:13:00 (17),17:28:00 (17),17:43:00 (17),18:13:00 (17),18:43:00 (17),19:28:00 (17),,,,,,,,,,,,,,,,,,,,,,,,,,,,,,,,,,,,,,,,,,,,
34,Kitchener GO,,,,,,,,,,,,,,,,,,,,,,,,,,,,,,,,,,,,,,,,,,,,,,,,,,,,,,,,,,,,,,,,,,,,,,,,,,,,,,,,,,,08:42:00 (1),11:45:00 (1),14:45:00 (1),19:52:00 (41),20:45:00 (1),06:36:00 (1),07:36:00 (1),18:00:00 (41),19:00:00 (41),05:12:00 (1),06:12:00 (1),11:21:00 (41),14:22:00 (41),17:23:00 (41),23:22:00 (41),,07:06:00 (1),08:06:00 (1),18:30:00 (41),19:34:00 (41),,,,,,,,,,,,,,,,,,,,,,,,,,,,,,,,,,,,,,,,,,,,,,,,,,,,,,,,,,,,,,,,,,,,,,,,,,,,,,,,,,,,,,,,,,,,,,,,,,,,,,,,,,,,,,,,,,,,,,,,,,,,,,,,,,,,,,,,,,,,,,,,,,,,,,,,,,,,,,,,,,,,,,,,,,,,,,,,,,,,,,,,,,,,,,,,,,,,,,,,,,,,,,,,,,,,,,,,,,,,,,,,,,,,,,,,,,,,,,,,,,,,,,,
35,Kennedy GO,,,,,,,,,,,,,,,,,,,,,,,,,,,,,,,,,,,,,,,,,,,,,,,,,,,,,,,,,,,,,,,,,,,,,,,,,,,,,,,,,,,,,,,,,,,,,,,,,,,,,,,,,,,,,,,,,,,,,,,,,,,,,,,,,,,,,,,,,,,,,,,,,,,,,,,,,,,,,,,,,,,,,,,,,,,,,,,,,,,,,,,,,,,,,,,,,,,,,,,,,,,,,,,,,,,,,,,,,,,,,,,,,,,,,,,,,,,,,,,,,,,,,,,,,,,,,,,,,,,,,,,,,,,,,,,,,,,,,,,,,,,,,,,,,,,,,,,,,,,,,,,,,,,,,,,,,,,09:31:00 (13),10:31:00 (13),11:31:00 (13),11:09:00 (12),12:31:00 (13),12:09:00 (12),13:31:00 (13),13:09:00 (12),14:31:00 (13),14:09:00 (12),15:09:00 (12),16:09:00 (12),18:31:00 (13),19:31:00 (13),20:31:00 (13),20:09:00 (12),21:31:00 (13),21:09:00 (12),22:31:00 (13),22:09:00 (12),23:09:00 (12),15:31:00 (13),16:31:00 (13),17:31:00 (13),23:31:00 (13),24:31:00 (13),06:09:00 (15),07:09:00 (15),08:09:00 (15),09:09:00 (15),10:09:00 (15),17:01:00 (13),18:01:00 (13),07:39:00 (15),08:39:00 (15)
36,King City GO,11:35:00 (20),11:07:00 (3),12:34:00 (20),12:05:00 (3),13:34:00 (20),13:05:00 (3),15:14:00 (3),19:34:00 (20),20:34:00 (20),20:05:00 (3),21:34:00 (20),21:05:00 (3),05:51:00 (9),15:44:00 (20),06:20:00 (16),07:20:00 (16),17:51:00 (20),18:06:00 (20),06:50:00 (16),07:50:00 (16),17:21:00 (20),08:05:00 (16),09:05:00 (16),10:34:00 (20),10:04:00 (16),14:41:00 (20),14:11:00 (16),16:36:00 (20),18:36:00 (20),22:42:00 (20),22:12:00 (16),23:36:00 (20),,,,,,,,,,,,,,,,,,,,,,,,,,,,,,,,,,,,,,,,,,,,,,,,,,,,,,,,,,,,,,,,,,,,,,,,,,,,,,,,,,,,,,,,,,,,,,,,,,,,,,,,,,,,,,,,,,,,,,,,,,,,,,,,,,,,,,,,,,,,,,,,,,,,,,,,,,,,,,,,,,,,,,,,,,,,,,,,,,,,,,,,,,,,,,,,,,,,,,,,,,,,,,,,,,,,,,,,,,,,,,,,,,,,,,,,,,,,,,,,,,,,,,,,,,,,,,,,,,,,,,,,,,,,,,,,,,,,,,,,,,,,,,,,,,,,,,,,,,,,,,,,,,,,,,,,,,,,,
37,Hamilton GO Centre,,,,,,,,,,,,,,,,,,,,,,,,,,,,,,,,,,,,,,,,,,,,,,,,,,,,,,,,,,,,,,,,,,,,,,,,,,,,,,,,,,,,,,,,,,,,,,,,,,,,,,,,,,,,,,,,,,,,,,,,,,,,,,,,,,,,,,,,,,,,,,,,,,,,,,,,,,,,,,,,,,,,,,,,,,,,,,,,,,,,,,,,,,,,,,,,,,,,,,,,,,,,,,,,,,,,,,,,,,,,,,,,,,,,,,,,,,,,,,,,,,,,,,,,,,,,,,,,,,,,,,,,,,,,,,,,05:48:00 (1),06:18:00 (1),06:48:00 (1),07:18:00 (1),17:06:00 (43),17:36:00 (43),18:06:00 (43),19:06:00 (43),,,,,,,,,,,,,,,,,,,,,,,,,,,,,,,,,,,,,,,,,,,,,,,,,,,,,,,,,,,,,,,,,,,,,,
38,Guildwood GO,,,,,,,,,,,,,,,,,,,,,,,,,,,,,,,,,,,,,,,,,,,,,,,,,,,,,,,,,,,,,,,,,,,,,,,,,,,,,,,,,,,,,,,,,,,,,,,,,,,,,,,06:33:00 (14),05:38:00 (15),07:33:00 (14),06:43:00 (15),08:37:00 (14),07:43:00 (15),09:33:00 (14),08:43:00 (15),09:43:00 (15),10:43:00 (15),11:43:00 (15),12:43:00 (15),13:43:00 (15),14:43:00 (15),16:33:00 (14),15:43:00 (15),17:33:00 (14),16:43:00 (15),17:43:00 (15),18:43:00 (15),20:48:00 (14),19:43:00 (15),20:43:00 (15),21:43:00 (15),22:43:00 (15),23:43:00 (15),07:58:00 (15),10:48:00 (14),11:48:00 (14),12:48:00 (14),13:48:00 (14),14:48:00 (14),15:48:00 (14),16:48:00 (14),17:48:00 (14),18:48:00 (14),19:48:00 (14),21:48:00 (14),22:48:00 (14),23:48:00 (14),24:48:00 (14),07:03:00 (14),06:08:00 (15),08:07:00 (14),07:13:00 (15),09:07:00 (14),08:13:00 (15),09:13:00 (15),10:13:00 (15),11:13:00 (15),12:13:00 (15),13:13:00 (15),14:13:00 (15),15:13:00 (15),17:03:00 (14),16:13:00 (15),18:03:00 (14),17:13:00 (15),18:13:00 (15),19:13:00 (15),20:13:00 (15),21:13:00 (15),22:13:00 (15),23:13:00 (15),24:12:00 (15),07:28:00 (15),08:28:00 (15),10:18:00 (14),11:18:00 (14),12:18:00 (14),13:18:00 (14),14:18:00 (14),15:18:00 (14),16:18:00 (14),17:18:00 (14),18:18:00 (14),19:18:00 (14),20:18:00 (14),21:18:00 (14),22:18:00 (14),23:18:00 (14),24:18:00 (14),25:21:00 (14),,,,,,,,,,,,,,,,,,,,,,,,,,,,,,,,,,,,,,,,,,,,,,,,,,,,,,,,,,,,,,,,,,,,,,,,,,,,,,,,,,,,,,,,,,,,,,,,,,,,,,,,,,,,,,,,,,,,,,,,,,,,,,,,,,,,,,,,,,,,,,,,,,,,,,,,,,,,,,,,,,,,
39,Gormley GO,,,,,,,,,,,,,,,,,,,,,,,,,,,,,,,,,,,,,,,,,,,,,,,,,,,,,,,,,,,,,,,,,,,,,,,,,,,,,,,,,,,,,,,,,,,,,,,,,,,,,,,,,,,,,,,,,,,,,,,,,,,,,,,,,,,,,,,,,,,,,,,,,,,,,,,,,,,,,,,,,,,,,,,,,,,,,,,,,,,,,,,,,,,,,,,,,,,,,,,,,,,,,,,,,,,,,,,,,,,,,,,,,,,,,,,,,,,,,,,,,,,,,,,,,,,,,,,,,,,,,,,,,,,,,,,,,,,,,,,,,,,,,,,,,,,,,,,,,,,,,,,,,,06:01:00 (4),07:01:00 (4),08:01:00 (4),18:14:00 (26),07:31:00 (4),16:44:00 (26),17:44:00 (26),18:44:00 (26),19:44:00 (26),,,,,,,,,,,,,,,,,,,,,,,,,,,,,,,,,,,
40,Guelph Central GO,,,,,,,,,,,,,,,,,,,,,,,,,,,,,,,,,,,,,,,,,,,,,,,,,,,,,,,,,,,,,,,,,,,,,,,,,,,,,,,,,,,09:00:00 (7),12:03:00 (7),15:03:00 (7),19:32:00 (35),21:03:00 (7),06:54:00 (7),07:54:00 (7),17:40:00 (35),18:40:00 (35),05:30:00 (7),06:30:00 (7),11:01:00 (35),14:02:00 (35),17:03:00 (35),23:02:00 (35),24:01:00 (35),07:24:00 (7),08:24:00 (7),18:10:00 (35),19:14:00 (35),,,,,,,,,,,,,,,,,,,,,,,,,,,,,,,,,,,,,,,,,,,,,,,,,,,,,,,,,,,,,,,,,,,,,,,,,,,,,,,,,,,,,,,,,,,,,,,,,,,,,,,,,,,,,,,,,,,,,,,,,,,,,,,,,,,,,,,,,,,,,,,,,,,,,,,,,,,,,,,,,,,,,,,,,,,,,,,,,,,,,,,,,,,,,,,,,,,,,,,,,,,,,,,,,,,,,,,,,,,,,,,,,,,,,,,,,,,,,,,,,,,,,,,
41,Georgetown GO,,,,,,,,,,,,,,,,,,,,,,,,,,,,,,,,,,,,,,,,,,,,,,,,,,,,,,,,,,,,,,,,,,,,,,,,,,,,,,,05:30:00 (1),06:30:00 (1),17:36:00 (29),18:06:00 (29),09:29:00 (13),12:32:00 (13),15:32:00 (13),19:04:00 (29),21:32:00 (13),07:23:00 (13),08:23:00 (13),17:11:00 (29),18:11:00 (29),06:00:00 (13),07:00:00 (13),10:33:00 (29),13:34:00 (29),16:34:00 (29),22:34:00 (29),23:34:00 (29),07:53:00 (13),08:53:00 (13),17:41:00 (29),18:45:00 (29),,,,,,,,,,,,,,,,,,,,,,,,,,,,,,,,,,,,,,,,,,,,,,,,,,,,,,,,,,,,,,,,,,,,,,,,,,,,,,,,,,,,,,,,,,,,,,,,,,,,,,,,,,,,,,,,,,,,,,,,,,,,,,,,,,,,,,,,,,,,,,,,,,,,,,,,,,,,,,,,,,,,,,,,,,,,,,,,,,,,,,,,,,,,,,,,,,,,,,,,,,,,,,,,,,,,,,,,,,,,,,,,,,,,,,,,,,,,,,,,,,,,,,,
42,Exhibition GO,,,,,,,,,,,,,,,,,,,,,,,,,,,,,,,,,,,,,,,,,,,,,,,,,,,,,,,,,,,,,,,,,,,,,,,,,,,,,,,,,,,,,,,,,,,,,,,,,,,,,,,,,,,,,,,,,,,,,,,,,,,,,,,,,,,,,,,,,,,,,,,,,,,,,,,,,,,,,,,,,,,,,,,,,,,,,,,,,,,,,,,,,,05:51:00 (28),06:19:00 (7),06:51:00 (28),07:24:00 (7),08:24:00 (7),09:24:00 (7),10:06:00 (28),10:24:00 (7),11:06:00 (28),11:24:00 (7),12:06:00 (28),12:24:00 (7),13:06:00 (28),13:24:00 (7),14:06:00 (28),14:24:00 (7),15:06:00 (28),15:24:00 (7),16:06:00 (28),17:06:00 (28),18:06:00 (28),18:25:00 (7),19:06:00 (28),19:25:00 (7),20:06:00 (28),20:25:00 (7),21:06:00 (28),21:25:00 (7),22:06:00 (28),22:25:00 (7),23:06:00 (28),23:25:00 (7),24:06:00 (28),24:25:00 (7),,,07:55:00 (16),08:55:00 (16),16:13:00 (7),17:13:00 (7),,,07:25:00 (16),08:25:00 (16),09:11:00 (16),15:43:00 (7),16:43:00 (7),17:43:00 (7),06:21:00 (35),06:49:00 (7),07:54:00 (7),08:54:00 (7),09:36:00 (35),09:54:00 (7),10:36:00 (35),10:54:00 (7),11:36:00 (35),11:54:00 (7),12:36:00 (35),12:54:00 (7),13:36:00 (35),13:54:00 (7),14:36:00 (35),14:54:00 (7),15:36:00 (35),16:36:00 (35),17:36:00 (35),17:55:00 (7),18:36:00 (35),18:55:00 (7),19:36:00 (35),19:55:00 (7),20:36:00 (35),20:55:00 (7),21:36:00 (35),21:55:00 (7),22:36:00 (35),22:55:00 (7),23:36:00 (35),23:55:00 (7),24:37:00 (35),24:55:00 (7),,,,,,,,,,,,,,09:18:00 (7),15:18:00 (51),,23:19:00 (51),22:30:00 (7),,,,,,,,,,,,,,,,,,,,,,,,,,,,,,,,,,,,,,,,,,,,,,,,,,,,,,,,,,,,,,,,
43,Etobicoke North GO,,,,,,,,,,,,,,,,,,,,,,,,,,,,,,,,,,,,,,,,16:26:00 (13),,,,,08:06:00 (6),09:06:00 (6),,,,,,,08:36:00 (6),09:36:00 (6),10:36:00 (6),12:36:00 (6),13:36:00 (6),14:36:00 (6),15:36:00 (6),,20:36:00 (6),21:36:00 (6),22:36:00 (6),23:36:00 (6),11:06:00 (12),,,,,,10:55:00 (13),11:56:00 (13),13:56:00 (13),14:56:00 (13),18:56:00 (13),19:56:00 (13),20:56:00 (13),23:56:00 (13),06:06:00 (17),07:06:00 (17),16:56:00 (13),17:26:00 (13),10:05:00 (29),,,18:26:00 (13),,,,,,06:36:00 (29),07:36:00 (29),09:55:00 (13),12:56:00 (13),15:56:00 (13),21:56:00 (13),22:56:00 (13),,,,18:08:00 (13),,,,,,,,,,,,,,,,,,,,,,,,,,,,,,,,,,,,,,,,,,,,,,,,,,,,,,,,,,,,,,,,,,,,,,,,,,,,,,,,,,,,,,,,,,,,,,,,,,,,,,,,,,,,,,,,,,,,,,,,,,,,,,,,,,,,,,,,,,,,,,,,,,,,,,,,,,,,,,,,,,,,,,,,,,,,,,,,,,,,,,,,,,,,,,,,,,,,,,,,,,,,,,,,,,,,,,,,,,,,,,,,,,,,,,,,,,,,,,,,,,,,,,,
44,Erindale GO,,,,,,,,,,,,,,,,,,,,,,,,,,,,,,,,,,,,,,,,,,,,,,,,,,,,,,,,,,,,,,,,,,,,,,,,,,,,,,,,,,,,,,,,,,,,,,,,,,,,,,,,,,,,,,,,,,,,,,,,,,,,,,,,,,,,,,,,,,,,,,,,,,,,,,,,,,,,,,,,,,,,,,,,,,,,,,,,,,,,,,,,,,,,,,,,,,,,,,,,,,,,,,,,,,,,,,,,,,,,,,,,,,,,,,,,,,,,,,,,,,,,,,,,,,,,,,,,,,,,,,,,,,,,,,,,,,,,,,,,,,,,,,06:25:00 (13),06:55:00 (13),07:10:00 (13),07:25:00 (13),07:40:00 (13),07:55:00 (13),08:10:00 (13),08:25:00 (13),16:15:00 (23),08:40:00 (13),08:55:00 (13),16:45:00 (23),17:00:00 (23),17:15:00 (23),17:30:00 (23),17:45:00 (23),18:00:00 (23),18:30:00 (23),19:00:00 (23),19:45:00 (23),,,,,,,,,,,,,,,,,,,,,,,,,,,,,,,,,,,,,,,,,,,,
45,Eglinton GO,,,,,,,,,,,,,,,,,,,,,,,,,,,,,,,,,,,,,,,,,,,,,,,,,,,,,,,,,,,,,,,,,,,,,,,,,,,,,,,,,,,,,,,,,,,,,,,,,,,,,,,06:28:00 (13),05:43:00 (16),07:28:00 (13),06:48:00 (16),08:32:00 (13),07:48:00 (16),09:28:00 (13),08:48:00 (16),09:48:00 (16),10:48:00 (16),11:48:00 (16),12:48:00 (16),13:48:00 (16),14:48:00 (16),16:28:00 (13),15:48:00 (16),17:28:00 (13),16:48:00 (16),17:48:00 (16),18:48:00 (16),20:43:00 (13),19:48:00 (16),20:48:00 (16),21:48:00 (16),22:48:00 (16),23:48:00 (16),08:03:00 (16),10:43:00 (13),11:43:00 (13),12:43:00 (13),13:43:00 (13),14:43:00 (13),15:43:00 (13),16:43:00 (13),17:43:00 (13),18:43:00 (13),19:43:00 (13),21:43:00 (13),22:43:00 (13),23:43:00 (13),24:43:00 (13),06:58:00 (13),06:13:00 (16),08:02:00 (13),07:18:00 (16),09:02:00 (13),08:18:00 (16),09:18:00 (16),10:18:00 (16),11:18:00 (16),12:18:00 (16),13:18:00 (16),14:18:00 (16),15:18:00 (16),16:58:00 (13),16:18:00 (16),17:58:00 (13),17:18:00 (16),18:18:00 (16),19:18:00 (16),20:18:00 (16),21:18:00 (16),22:18:00 (16),23:18:00 (16),24:17:00 (16),07:33:00 (16),08:33:00 (16),10:13:00 (13),11:13:00 (13),12:13:00 (13),13:13:00 (13),14:13:00 (13),15:13:00 (13),16:13:00 (13),17:13:00 (13),18:13:00 (13),19:13:00 (13),20:13:00 (13),21:13:00 (13),22:13:00 (13),23:13:00 (13),24:13:00 (13),25:16:00 (13),,,,,,,,,,,,,,,,,,,,,,,,,,,,,,,,,,,,,,,,,,,,,,,,,,,,,,,,,,,,,,,,,,,,,,,,,,,,,,,,,,,,,,,,,,,,,,,,,,,,,,,,,,,,,,,,,,,,,,,,,,,,,,,,,,,,,,,,,,,,,,,,,,,,,,,,,,,,,,,,,,,,
46,East Gwillimbury GO,,,,,,,,,,,,,05:29:00 (3),16:06:00 (26),05:57:00 (10),06:57:00 (10),18:15:00 (26),18:30:00 (26),06:27:00 (10),07:27:00 (10),17:45:00 (26),07:42:00 (10),08:42:00 (10),10:56:00 (26),09:42:00 (10),15:03:00 (26),13:48:00 (10),17:00:00 (26),19:00:00 (26),23:04:00 (26),21:50:00 (10),23:58:00 (26),,,,,,,,,,,,,,,,,,,,,,,,,,,,,,,,,,,,,,,,,,,,,,,,,,,,,,,,,,,,,,,,,,,,,,,,,,,,,,,,,,,,,,,,,,,,,,,,,,,,,,,,,,,,,,,,,,,,,,,,,,,,,,,,,,,,,,,,,,,,,,,,,,,,,,,,,,,,,,,,,,,,,,,,,,,,,,,,,,,,,,,,,,,,,,,,,,,,,,,,,,,,,,,,,,,,,,,,,,,,,,,,,,,,,,,,,,,,,,,,,,,,,,,,,,,,,,,,,,,,,,,,,,,,,,,,,,,,,,,,,,,,,,,,,,,,,,,,,,,,,,,,,,,,,,,,,,,,,
47,Downsview Park GO,11:13:00 (10),11:27:00 (13),12:13:00 (10),12:26:00 (13),13:13:00 (10),13:26:00 (13),15:35:00 (13),19:13:00 (10),20:13:00 (10),20:26:00 (13),21:13:00 (10),21:26:00 (13),06:13:00 (19),15:21:00 (10),06:43:00 (26),07:43:00 (26),17:27:00 (10),17:42:00 (10),07:13:00 (26),08:13:00 (26),16:57:00 (10),08:28:00 (26),09:28:00 (26),10:13:00 (10),10:27:00 (26),14:20:00 (10),14:32:00 (26),16:12:00 (10),18:12:00 (10),22:20:00 (10),22:32:00 (26),23:13:00 (10),,,,,,,,,,,,,,,,,,,,,,,,,,,,,,,,,,,,,,,,,,,,,,,,,,,,,,,,,,,,,,,,,,,,,,,,,,,,,,,,,,,,,,,,,,,,,,,,,,,,,,,,,,,,,,,,,,,,,,,,,,,,,,,,,,,,,,,,,,,,,,,,,,,,,,,,,,,,,,,,,,,,,,,,,,,,,,,,,,,,,,,,,,,,,,,,,,,,,,,,,,,,,,,,,,,,,,,,,,,,,,,,,,,,,,,,,,,,,,,,,,,,,,,,,,,,,,,,,,,,,,,,,,,,,,,,,,,,,,,,,,,,,,,,,,,,,,,,,,,,,,,,,,,,,,,,,,,,,
48,Dixie GO,,,,,,,,,,,,,,,,,,,,,,,,,,,,,,,,,,,,,,,,,,,,,,,,,,,,,,,,,,,,,,,,,,,,,,,,,,,,,,,,,,,,,,,,,,,,,,,,,,,,,,,,,,,,,,,,,,,,,,,,,,,,,,,,,,,,,,,,,,,,,,,,,,,,,,,,,,,,,,,,,,,,,,,,,,,,,,,,,,,,,,,,,,,,,,,,,,,,,,,,,,,,,,,,,,,,,,,,,,,,,,,,,,,,,,,,,,,,,,,,,,,,,,,,,,,,,,,,,,,,,,,,,,,,,,,,,,,,,,,,,,,,,,06:36:00 (17),07:06:00 (17),07:21:00 (17),07:36:00 (17),07:51:00 (17),08:06:00 (17),08:21:00 (17),08:36:00 (17),16:03:00 (19),08:51:00 (17),09:06:00 (17),16:33:00 (19),16:48:00 (19),17:03:00 (19),17:18:00 (19),17:33:00 (19),17:48:00 (19),18:18:00 (19),18:48:00 (19),19:33:00 (19),,,,,,,,,,,,,,,,,,,,,,,,,,,,,,,,,,,,,,,,,,,,
49,Danforth GO,,,,,,,,,,,,,,,,,,,,,,,,,,,,,,,,,,,,,,,,,,,,,,,,,,,,,,,,,,,,,,,,,,,,,,,,,,,,,,,,,,,,,,,,,,,,,,,,,,,,,,,06:17:00 (10),05:53:00 (19),07:17:00 (10),06:58:00 (19),08:21:00 (10),07:58:00 (19),09:17:00 (10),08:58:00 (19),09:58:00 (19),10:58:00 (19),11:58:00 (19),12:58:00 (19),13:58:00 (19),14:58:00 (19),16:17:00 (10),15:58:00 (19),17:17:00 (10),16:58:00 (19),17:58:00 (19),18:58:00 (19),20:32:00 (10),19:58:00 (19),20:58:00 (19),21:58:00 (19),22:58:00 (19),23:58:00 (19),08:13:00 (19),10:32:00 (10),11:32:00 (10),12:32:00 (10),13:32:00 (10),14:32:00 (10),15:32:00 (10),16:32:00 (10),17:32:00 (10),18:32:00 (10),19:32:00 (10),21:32:00 (10),22:32:00 (10),23:32:00 (10),24:32:00 (10),06:47:00 (10),06:23:00 (19),07:51:00 (10),07:28:00 (19),08:51:00 (10),08:28:00 (19),09:28:00 (19),10:28:00 (19),11:28:00 (19),12:28:00 (19),13:28:00 (19),14:28:00 (19),15:28:00 (19),16:47:00 (10),16:28:00 (19),17:47:00 (10),17:28:00 (19),18:28:00 (19),19:28:00 (19),20:28:00 (19),21:28:00 (19),22:28:00 (19),23:28:00 (19),24:27:00 (19),07:43:00 (19),08:43:00 (19),10:02:00 (10),11:02:00 (10),12:02:00 (10),13:02:00 (10),14:02:00 (10),15:02:00 (10),16:02:00 (10),17:02:00 (10),18:02:00 (10),19:02:00 (10),20:02:00 (10),21:02:00 (10),22:02:00 (10),23:02:00 (10),24:02:00 (10),25:05:00 (10),,,,,,,,,,,,,,,,,,,,,,,,,,,,,,,,,,,,,,,,,,,,,,,,,,,,,,,,,,,,,,,,,,,,,,,,,,,,,,,,,,,,,,,,,,,,,,,,,,,,,,,,,,,,,,,,,,,,,,,,,,,,,,,,,,,,,,,,,,,,,,,,,,,,,,,,,,,,,,,,,,,,
50,Cooksville GO,,,,,,,,,,,,,,,,,,,,,,,,,,,,,,,,,,,,,,,,,,,,,,,,,,,,,,,,,,,,,,,,,,,,,,,,,,,,,,,,,,,,,,,,,,,,,,,,,,,,,,,,,,,,,,,,,,,,,,,,,,,,,,,,,,,,,,,,,,,,,,,,,,,,,,,,,,,,,,,,,,,,,,,,,,,,,,,,,,,,,,,,,,,,,,,,,,,,,,,,,,,,,,,,,,,,,,,,,,,,,,,,,,,,,,,,,,,,,,,,,,,,,,,,,,,,,,,,,,,,,,,,,,,,,,,,,,,,,,,,,,,,,,06:31:00 (15),07:01:00 (15),07:16:00 (15),07:31:00 (15),07:46:00 (15),08:01:00 (15),08:16:00 (15),08:31:00 (15),16:09:00 (21),08:46:00 (15),09:01:00 (15),16:39:00 (21),16:54:00 (21),17:09:00 (21),17:24:00 (21),17:39:00 (21),17:54:00 (21),18:24:00 (21),18:54:00 (21),19:39:00 (21),,,,,,,,,,,,,,,,,,,,,,,,,,,,,,,,,,,,,,,,,,,,
51,Clarkson GO,,,,,,,,,,,,,,,,,,,,,,,,,,,,,,,,,,,,,,,,,,,,,,,,,,,,,,,,,,,,,,,,,,,,,,,,,,,,,,,,,,,,,,,,,,,,,,,,,,,,,,,,,,,,,,,,,,,,,,,,,,,,,,,,,,,,,,,,,,,,,,,,,,,,,,,,,,,,,,,,,,,,,,,,,,,,,,,,,,,,,,,,,,05:24:00 (17),06:45:00 (18),06:24:00 (17),07:51:00 (18),08:51:00 (18),09:52:00 (18),09:38:00 (17),10:52:00 (18),10:38:00 (17),11:52:00 (18),11:38:00 (17),12:52:00 (18),12:38:00 (17),13:52:00 (18),13:38:00 (17),14:52:00 (18),14:38:00 (17),15:52:00 (18),15:38:00 (17),16:39:00 (17),17:39:00 (17),18:53:00 (18),18:37:00 (17),19:53:00 (18),19:37:00 (17),20:53:00 (18),20:37:00 (17),21:53:00 (18),21:37:00 (17),22:53:00 (18),22:37:00 (17),23:53:00 (18),23:37:00 (17),24:53:00 (18),16:54:00 (18),17:54:00 (18),07:28:00 (5),08:28:00 (5),16:40:00 (18),17:40:00 (18),07:21:00 (17),08:21:00 (17),06:58:00 (5),07:58:00 (5),08:44:00 (5),16:10:00 (18),17:10:00 (18),18:10:00 (18),05:54:00 (24),07:15:00 (18),08:21:00 (18),09:22:00 (18),09:08:00 (24),10:22:00 (18),10:08:00 (24),11:22:00 (18),11:08:00 (24),12:22:00 (18),12:08:00 (24),13:22:00 (18),13:08:00 (24),14:22:00 (18),14:08:00 (24),15:22:00 (18),15:08:00 (24),16:09:00 (24),17:07:00 (24),18:23:00 (18),18:07:00 (24),19:23:00 (18),19:07:00 (24),20:23:00 (18),20:07:00 (24),21:23:00 (18),21:07:00 (24),22:23:00 (18),22:07:00 (24),23:23:00 (18),23:07:00 (24),24:23:00 (18),24:08:00 (24),25:24:00 (18),06:51:00 (24),07:52:00 (24),16:24:00 (18),17:24:00 (18),06:36:00 (26),07:06:00 (26),07:36:00 (26),08:06:00 (26),16:16:00 (18),16:46:00 (18),17:16:00 (18),18:16:00 (18),08:38:00 (42),,,17:46:00 (18),,,,,,,,,,,,,,,,,,,,,,,,,,,,,,,,,,,,,,,,,,,,,,,,,,,,,,,,,,,,,,,,,,
52,Centennial GO,,,,,,,,,,,,,,,,,,,,,,,,,,,,,,,,,,,,,,,,,,,,,,,,,,,,,,,,,,,,,,,,,,,,,,,,,,,,,,,,,,,,,,,,,,,,,,,,,,,,,,,,,,,,,,,,,,,,,,,,,,,,,,,,,,,,,,,,,,,,,,,,,,,,,,,,,,,,,,,,,,,,,,,,,,,,,,,,,,,,,,,,,,,,,,,,,,,,,,,,,,,,,,,,,,,,,,,,,,,,,,,,,,,,,,,,,,,,,,,,,,,,,,,,,,,,,,,,,,,,,,,,,,,,,,,,,,,,,,,,,,,,,,,,,,,,,,,,,,,,,,,,,,,,,,,,,,,09:57:00 (21),10:57:00 (21),11:57:00 (21),10:43:00 (4),12:57:00 (21),11:43:00 (4),13:57:00 (21),12:43:00 (4),14:57:00 (21),13:43:00 (4),14:43:00 (4),15:43:00 (4),18:57:00 (21),19:57:00 (21),20:57:00 (21),19:43:00 (4),21:57:00 (21),20:43:00 (4),22:57:00 (21),21:43:00 (4),22:43:00 (4),15:57:00 (21),16:57:00 (21),17:57:00 (21),23:57:00 (21),24:57:00 (21),05:43:00 (7),06:43:00 (7),07:43:00 (7),08:43:00 (7),09:43:00 (7),17:27:00 (21),18:27:00 (21),07:13:00 (7),08:13:00 (7)
53,Burlington GO,,,,,,,,,,,,,,,,,,,,,,,,,,,,,,,,,,,,,,,,,,,,,,,,,,,,,,,,,,,,,,,,,,,,,,,,,,,,,,,,,,,,,,,,,,,,,,,,,,,,,,,,,,,,,,,,,,,,,,,,,,,,,,,,,,,,,,,,,,,,,,,,,,,,,,,,,,,,,,,,,,,,,,,,,,,,,,,,,,,,,,,,,,04:59:00 (7),07:10:00 (28),05:59:00 (7),08:17:00 (28),09:17:00 (28),10:18:00 (28),09:13:00 (7),11:18:00 (28),10:13:00 (7),12:18:00 (28),11:13:00 (7),13:18:00 (28),12:13:00 (7),14:18:00 (28),13:13:00 (7),15:18:00 (28),14:13:00 (7),16:18:00 (28),15:13:00 (7),16:14:00 (7),17:10:00 (7),19:19:00 (28),18:11:00 (7),20:19:00 (28),19:12:00 (7),21:19:00 (28),20:12:00 (7),22:19:00 (28),21:12:00 (7),23:19:00 (28),22:12:00 (7),24:19:00 (28),23:12:00 (7),25:19:00 (28),17:21:00 (28),18:21:00 (28),,,,,06:56:00 (7),07:56:00 (7),,,,,,,05:29:00 (14),07:40:00 (28),08:47:00 (28),09:48:00 (28),08:43:00 (14),10:48:00 (28),09:43:00 (14),11:48:00 (28),10:43:00 (14),12:48:00 (28),11:43:00 (14),13:48:00 (28),12:43:00 (14),14:48:00 (28),13:43:00 (14),15:48:00 (28),14:43:00 (14),15:44:00 (14),16:42:00 (14),18:49:00 (28),17:42:00 (14),19:49:00 (28),18:42:00 (14),20:49:00 (28),19:42:00 (14),21:49:00 (28),20:42:00 (14),22:49:00 (28),21:42:00 (14),23:49:00 (28),22:42:00 (14),24:49:00 (28),23:43:00 (14),25:49:00 (28),06:26:00 (14),07:27:00 (14),16:50:00 (28),17:50:00 (28),06:11:00 (16),06:41:00 (16),07:11:00 (16),07:41:00 (16),16:42:00 (28),17:12:00 (28),17:42:00 (28),18:42:00 (28),08:13:00 (32),09:56:00 (28),14:37:00 (30),18:12:00 (28),22:38:00 (30),23:12:00 (28),,,,,,,,,,,,,,,,,,,,,,,,,,,,,,,,,,,,,,,,,,,,,,,,,,,,,,,,,,,,,,,,
54,Brampton Innovation District GO,,,,,,,,,,,,,,,,,,,,,,,,,,,,,,,,,,,,,,,,,,,,,,,,,,,,,,,,,,,,,,,,,10:46:00 (4),11:48:00 (4),13:48:00 (4),14:48:00 (4),19:48:00 (4),20:48:00 (4),11:16:00 (21),12:17:00 (21),14:17:00 (21),15:17:00 (21),19:17:00 (21),20:17:00 (21),21:17:00 (21),24:17:00 (21),05:46:00 (9),06:46:00 (9),17:17:00 (21),17:47:00 (21),09:45:00 (21),12:48:00 (21),15:48:00 (21),18:47:00 (21),21:48:00 (21),07:39:00 (21),08:39:00 (21),16:54:00 (21),17:54:00 (21),06:16:00 (21),07:16:00 (21),10:16:00 (21),13:17:00 (21),16:17:00 (21),22:17:00 (21),23:17:00 (21),08:09:00 (21),09:09:00 (21),17:24:00 (21),18:28:00 (21),,,,,,,,,,,,,,,,,,,,,,,,,,,,,,,,,,,,,,,,,,,,,,,,,,,,,,,,,,,,,,,,,,,,,,,,,,,,,,,,,,,,,,,,,,,,,,,,,,,,,,,,,,,,,,,,,,,,,,,,,,,,,,,,,,,,,,,,,,,,,,,,,,,,,,,,,,,,,,,,,,,,,,,,,,,,,,,,,,,,,,,,,,,,,,,,,,,,,,,,,,,,,,,,,,,,,,,,,,,,,,,,,,,,,,,,,,,,,,,,,,,,,,,
55,Bronte GO,,,,,,,,,,,,,,,,,,,,,,,,,,,,,,,,,,,,,,,,,,,,,,,,,,,,,,,,,,,,,,,,,,,,,,,,,,,,,,,,,,,,,,,,,,,,,,,,,,,,,,,,,,,,,,,,,,,,,,,,,,,,,,,,,,,,,,,,,,,,,,,,,,,,,,,,,,,,,,,,,,,,,,,,,,,,,,,,,,,,,,,,,,05:11:00 (11),06:58:00 (24),06:11:00 (11),08:04:00 (24),09:04:00 (24),10:05:00 (24),09:25:00 (11),11:05:00 (24),10:25:00 (11),12:05:00 (24),11:25:00 (11),13:05:00 (24),12:25:00 (11),14:05:00 (24),13:25:00 (11),15:05:00 (24),14:25:00 (11),16:05:00 (24),15:25:00 (11),16:26:00 (11),17:24:00 (11),19:06:00 (24),18:23:00 (11),20:06:00 (24),19:24:00 (11),21:06:00 (24),20:24:00 (11),22:06:00 (24),21:24:00 (11),23:06:00 (24),22:24:00 (11),24:06:00 (24),23:24:00 (11),25:06:00 (24),17:08:00 (24),18:08:00 (24),,,,,07:08:00 (11),08:08:00 (11),,,,,,,05:41:00 (18),07:28:00 (24),08:34:00 (24),09:35:00 (24),08:55:00 (18),10:35:00 (24),09:55:00 (18),11:35:00 (24),10:55:00 (18),12:35:00 (24),11:55:00 (18),13:35:00 (24),12:55:00 (18),14:35:00 (24),13:55:00 (18),15:35:00 (24),14:55:00 (18),15:56:00 (18),16:54:00 (18),18:36:00 (24),17:54:00 (18),19:36:00 (24),18:54:00 (18),20:36:00 (24),19:54:00 (18),21:36:00 (24),20:54:00 (18),22:36:00 (24),21:54:00 (18),23:36:00 (24),22:54:00 (18),24:36:00 (24),23:55:00 (18),25:37:00 (24),06:38:00 (18),07:39:00 (18),16:37:00 (24),17:37:00 (24),06:23:00 (20),06:53:00 (20),07:23:00 (20),07:53:00 (20),16:29:00 (24),16:59:00 (24),17:29:00 (24),18:29:00 (24),08:25:00 (36),,,17:59:00 (24),,,,,,,,,,,,,,,,,,,,,,,,,,,,,,,,,,,,,,,,,,,,,,,,,,,,,,,,,,,,,,,,,,
56,Bloomington GO,,,,,,,,,,,,,,,,,,,,,,,,,,,,,,,,,,,,,,,,,,,,,,,,,,,,,,,,,,,,,,,,,,,,,,,,,,,,,,,,,,,,,,,,,,,,,,,,,,,,,,,,,,,,,,,,,,,,,,,,,,,,,,,,,,,,,,,,,,,,,,,,,,,,,,,,,,,,,,,,,,,,,,,,,,,,,,,,,,,,,,,,,,,,,,,,,,,,,,,,,,,,,,,,,,,,,,,,,,,,,,,,,,,,,,,,,,,,,,,,,,,,,,,,,,,,,,,,,,,,,,,,,,,,,,,,,,,,,,,,,,,,,,,,,,,,,,,,,,,,,,,,,,05:55:00 (1),06:55:00 (1),07:55:00 (1),18:21:00 (29),07:25:00 (1),16:51:00 (29),17:51:00 (29),18:51:00 (29),19:51:00 (29),,,,,,,,,,,,,,,,,,,,,,,,,,,,,,,,,,,
57,Bloor GO,,,,,,,,,,,,,,,,,,,,,,,,,,,,,,,,,08:14:00 (8),09:14:00 (8),11:14:00 (8),12:14:00 (8),13:14:00 (8),14:14:00 (8),15:14:00 (8),16:14:00 (8),19:14:00 (8),20:14:00 (8),21:14:00 (8),22:14:00 (8),08:17:00 (11),09:17:00 (11),16:50:00 (11),17:50:00 (11),06:44:00 (8),07:44:00 (8),08:44:00 (8),17:44:00 (8),08:47:00 (11),09:47:00 (11),10:47:00 (11),12:47:00 (11),13:47:00 (11),14:47:00 (11),15:47:00 (11),18:47:00 (11),20:47:00 (11),21:47:00 (11),22:47:00 (11),23:47:00 (11),11:17:00 (17),12:17:00 (17),14:17:00 (17),15:17:00 (17),20:17:00 (17),21:17:00 (17),10:43:00 (8),11:44:00 (8),13:44:00 (8),14:44:00 (8),18:44:00 (8),19:44:00 (8),20:44:00 (8),23:44:00 (8),06:17:00 (22),07:17:00 (22),16:44:00 (8),17:14:00 (8),10:16:00 (34),13:17:00 (34),16:17:00 (34),18:14:00 (8),22:17:00 (34),,,,,06:47:00 (34),07:47:00 (34),09:43:00 (8),12:44:00 (8),15:44:00 (8),21:44:00 (8),22:44:00 (8),,,,,,,,,,,,,,,,,,,,,,,,,,,,,,,,,,,,,,,,,,,,,,,,,,,,,,,,,,,,,,,,,,,,,,,,,,,,,,,,,,,,,,,,,,,,,,,,,,,,,,,,,,,,,,,,,,,,,,,,,,,,,,,,,,,,,,,,,,,,,,,,,,,,,,,,,,,,,,,,,,,,,,,,,,,,,,,,,,,,,,,,,,,,,,,,,,,,,,,,,,,,,,,,,,,,,,,,,,,,,,,,,,,,,,,,,,,,,,,,,,,,,,,,,,,
58,Bramalea GO,,,,,,,,,,,,,,,,,,,,,,,,,,,,,,,,,08:40:00 (18),09:40:00 (18),11:40:00 (18),12:40:00 (18),13:40:00 (18),14:40:00 (18),15:40:00 (18),16:40:00 (18),19:40:00 (18),20:40:00 (18),21:40:00 (18),22:40:00 (18),07:52:00 (1),08:52:00 (1),16:25:00 (1),17:25:00 (1),07:10:00 (18),08:10:00 (18),09:10:00 (18),18:10:00 (18),08:22:00 (1),09:22:00 (1),10:22:00 (1),12:22:00 (1),13:22:00 (1),14:22:00 (1),15:22:00 (1),18:24:00 (1),20:22:00 (1),21:22:00 (1),22:22:00 (1),23:22:00 (1),10:54:00 (7),11:56:00 (7),13:56:00 (7),14:56:00 (7),19:56:00 (7),20:56:00 (7),11:08:00 (18),12:09:00 (18),14:09:00 (18),15:09:00 (18),19:09:00 (18),20:09:00 (18),21:09:00 (18),24:09:00 (18),05:54:00 (12),06:54:00 (12),17:09:00 (18),17:39:00 (18),09:53:00 (24),12:56:00 (24),15:56:00 (24),18:39:00 (18),21:56:00 (24),07:47:00 (24),08:47:00 (24),16:46:00 (18),17:46:00 (18),06:24:00 (24),07:24:00 (24),10:08:00 (18),13:09:00 (18),16:09:00 (18),22:09:00 (18),23:09:00 (18),08:17:00 (24),09:17:00 (24),17:16:00 (18),18:20:00 (18),,,,,,,,,,,,,,,,,,,,,,,,,,,,,,,,,,,,,,,,,,,,,,,,,,,,,,,,,,,,,,,,,,,,,,,,,,,,,,,,,,,,,,,,,,,,,,,,,,,,,,,,,,,,,,,,,,,,,,,,,,,,,,,,,,,,,,,,,,,,,,,,,,,,,,,,,,,,,,,,,,,,,,,,,,,,,,,,,,,,,,,,,,,,,,,,,,,,,,,,,,,,,,,,,,,,,,,,,,,,,,,,,,,,,,,,,,,,,,,,,,,,,,,
59,Bradford GO,,,,,,,,,,,,,05:18:00 (1),16:16:00 (28),05:46:00 (8),06:46:00 (8),18:25:00 (28),18:40:00 (28),06:16:00 (8),07:16:00 (8),17:55:00 (28),07:31:00 (8),08:31:00 (8),11:07:00 (28),09:31:00 (8),15:14:00 (28),13:37:00 (8),17:10:00 (28),19:10:00 (28),23:14:00 (28),21:39:00 (8),24:08:00 (28),,,,,,,,,,,,,,,,,,,,,,,,,,,,,,,,,,,,,,,,,,,,,,,,,,,,,,,,,,,,,,,,,,,,,,,,,,,,,,,,,,,,,,,,,,,,,,,,,,,,,,,,,,,,,,,,,,,,,,,,,,,,,,,,,,,,,,,,,,,,,,,,,,,,,,,,,,,,,,,,,,,,,,,,,,,,,,,,,,,,,,,,,,,,,,,,,,,,,,,,,,,,,,,,,,,,,,,,,,,,,,,,,,,,,,,,,,,,,,,,,,,,,,,,,,,,,,,,,,,,,,,,,,,,,,,,,,,,,,,,,,,,,,,,,,,,,,,,,,,,,,,,,,,,,,,,,,,,,
60,Barrie South GO,,,,,,,,,,,,,,,05:25:00 (5),06:25:00 (5),18:46:00 (31),19:01:00 (31),05:55:00 (5),06:55:00 (5),18:16:00 (31),07:10:00 (5),08:10:00 (5),11:28:00 (31),09:10:00 (5),15:35:00 (31),13:16:00 (5),17:31:00 (31),19:31:00 (31),23:35:00 (31),21:18:00 (5),24:29:00 (31),,,,,,,,,,,,,,,,,,,,,,,,,,,,,,,,,,,,,,,,,,,,,,,,,,,,,,,,,,,,,,,,,,,,,,,,,,,,,,,,,,,,,,,,,,,,,,,,,,,,,,,,,,,,,,,,,,,,,,,,,,,,,,,,,,,,,,,,,,,,,,,,,,,,,,,,,,,,,,,,,,,,,,,,,,,,,,,,,,,,,,,,,,,,,,,,,,,,,,,,,,,,,,,,,,,,,,,,,,,,,,,,,,,,,,,,,,,,,,,,,,,,,,,,,,,,,,,,,,,,,,,,,,,,,,,,,,,,,,,,,,,,,,,,,,,,,,,,,,,,,,,,,,,,,,,,,,,,,
61,Aurora GO,11:45:00 (22),10:57:00 (1),12:44:00 (22),11:55:00 (1),13:44:00 (22),12:55:00 (1),15:04:00 (1),19:44:00 (22),20:44:00 (22),19:55:00 (1),21:44:00 (22),20:55:00 (1),05:41:00 (7),15:55:00 (22),06:09:00 (14),07:09:00 (14),18:03:00 (22),18:18:00 (22),06:39:00 (14),07:39:00 (14),17:33:00 (22),07:54:00 (14),08:54:00 (14),10:44:00 (22),09:54:00 (14),14:51:00 (22),14:01:00 (14),16:48:00 (22),18:48:00 (22),22:52:00 (22),22:02:00 (14),23:46:00 (22),,,,,,,,,,,,,,,,,,,,,,,,,,,,,,,,,,,,,,,,,,,,,,,,,,,,,,,,,,,,,,,,,,,,,,,,,,,,,,,,,,,,,,,,,,,,,,,,,,,,,,,,,,,,,,,,,,,,,,,,,,,,,,,,,,,,,,,,,,,,,,,,,,,,,,,,,,,,,,,,,,,,,,,,,,,,,,,,,,,,,,,,,,,,,,,,,,,,,,,,,,,,,,,,,,,,,,,,,,,,,,,,,,,,,,,,,,,,,,,,,,,,,,,,,,,,,,,,,,,,,,,,,,,,,,,,,,,,,,,,,,,,,,,,,,,,,,,,,,,,,,,,,,,,,,,,,,,,,
62,Appleby GO,,,,,,,,,,,,,,,,,,,,,,,,,,,,,,,,,,,,,,,,,,,,,,,,,,,,,,,,,,,,,,,,,,,,,,,,,,,,,,,,,,,,,,,,,,,,,,,,,,,,,,,,,,,,,,,,,,,,,,,,,,,,,,,,,,,,,,,,,,,,,,,,,,,,,,,,,,,,,,,,,,,,,,,,,,,,,,,,,,,,,,,,,,05:05:00 (9),07:04:00 (26),06:05:00 (9),08:10:00 (26),09:10:00 (26),10:11:00 (26),09:19:00 (9),11:11:00 (26),10:19:00 (9),12:11:00 (26),11:19:00 (9),13:11:00 (26),12:19:00 (9),14:11:00 (26),13:19:00 (9),15:11:00 (26),14:19:00 (9),16:11:00 (26),15:19:00 (9),16:20:00 (9),17:17:00 (9),19:12:00 (26),18:17:00 (9),20:12:00 (26),19:18:00 (9),21:12:00 (26),20:18:00 (9),22:12:00 (26),21:18:00 (9),23:12:00 (26),22:18:00 (9),24:12:00 (26),23:18:00 (9),25:12:00 (26),17:14:00 (26),18:14:00 (26),,,,,07:02:00 (9),08:02:00 (9),,,,,,,05:35:00 (16),07:34:00 (26),08:40:00 (26),09:41:00 (26),08:49:00 (16),10:41:00 (26),09:49:00 (16),11:41:00 (26),10:49:00 (16),12:41:00 (26),11:49:00 (16),13:41:00 (26),12:49:00 (16),14:41:00 (26),13:49:00 (16),15:41:00 (26),14:49:00 (16),15:50:00 (16),16:48:00 (16),18:42:00 (26),17:48:00 (16),19:42:00 (26),18:48:00 (16),20:42:00 (26),19:48:00 (16),21:42:00 (26),20:48:00 (16),22:42:00 (26),21:48:00 (16),23:42:00 (26),22:48:00 (16),24:42:00 (26),23:49:00 (16),25:43:00 (26),06:32:00 (16),07:33:00 (16),16:43:00 (26),17:43:00 (26),06:17:00 (18),06:47:00 (18),07:17:00 (18),07:47:00 (18),16:35:00 (26),17:05:00 (26),17:35:00 (26),18:35:00 (26),08:19:00 (34),,,18:05:00 (26),,,,,,,,,,,,,,,,,,,,,,,,,,,,,,,,,,,,,,,,,,,,,,,,,,,,,,,,,,,,,,,,,,
63,Aldershot GO,,,,,,,,,,,,,,,,,,,,,,,,,,,,,,,,,,,,,,,,,,,,,,,,,,,,,,,,,,,,,,,,,,,,,,,,,,,,,,,,,,,,,,,,,,,,,,,,,,,,,,,,,,,,,,,,,,,,,,,,,,,,,,,,,,,,,,,,,,,,,,,,,,,,,,,,,,,,,,,,,,,,,,,,,,,,,,,,,,,,,,,,,,04:52:00 (1),07:18:00 (34),05:52:00 (1),08:25:00 (34),09:25:00 (34),10:26:00 (34),09:06:00 (1),11:26:00 (34),10:06:00 (1),12:26:00 (34),11:06:00 (1),13:26:00 (34),12:06:00 (1),14:26:00 (34),13:06:00 (1),15:26:00 (34),14:06:00 (1),16:26:00 (34),15:06:00 (1),16:07:00 (1),17:03:00 (1),19:27:00 (34),18:03:00 (1),20:27:00 (34),19:05:00 (1),21:27:00 (34),20:05:00 (1),22:27:00 (34),21:05:00 (1),23:27:00 (34),22:05:00 (1),24:27:00 (34),23:05:00 (1),25:27:00 (34),17:29:00 (34),18:29:00 (34),,,,,06:49:00 (1),07:49:00 (1),,,,,,,05:23:00 (8),07:47:00 (34),08:54:00 (34),09:55:00 (34),08:37:00 (8),10:55:00 (34),09:37:00 (8),11:55:00 (34),10:37:00 (8),12:55:00 (34),11:37:00 (8),13:55:00 (34),12:37:00 (8),14:55:00 (34),13:37:00 (8),15:55:00 (34),14:37:00 (8),15:38:00 (8),16:35:00 (8),18:56:00 (34),17:35:00 (8),19:56:00 (34),18:36:00 (8),20:56:00 (34),19:36:00 (8),21:56:00 (34),20:36:00 (8),22:56:00 (34),21:36:00 (8),23:56:00 (34),22:36:00 (8),24:56:00 (34),23:37:00 (8),25:56:00 (34),06:20:00 (8),07:21:00 (8),16:57:00 (34),17:57:00 (34),06:04:00 (10),06:34:00 (10),07:04:00 (10),07:34:00 (10),16:49:00 (34),17:19:00 (34),17:49:00 (34),18:49:00 (34),08:07:00 (26),10:03:00 (34),14:30:00 (24),18:19:00 (34),22:30:00 (24),23:19:00 (34),,,,,,,,,,,,,,,,,,,,,,,,,,,,,,,,,,,,,,,,,,,,,,,,,,,,,,,,,,,,,,,,
64,Ajax GO,,,,,,,,,,,,,,,,,,,,,,,,,,,,,,,,,,,,,,,,,,,,,,,,,,,,,,,,,,,,,,,,,,,,,,,,,,,,,,,,,,,,,,,,,,,,,,,,,,,,,,,06:52:00 (21),05:18:00 (8),07:52:00 (21),06:23:00 (8),08:56:00 (21),07:23:00 (8),09:52:00 (21),08:23:00 (8),09:23:00 (8),10:23:00 (8),11:23:00 (8),12:23:00 (8),13:23:00 (8),14:23:00 (8),16:52:00 (21),15:23:00 (8),17:52:00 (21),16:23:00 (8),17:23:00 (8),18:23:00 (8),21:07:00 (21),19:23:00 (8),20:23:00 (8),21:23:00 (8),22:23:00 (8),23:23:00 (8),07:38:00 (8),11:07:00 (21),12:07:00 (21),13:07:00 (21),14:07:00 (21),15:07:00 (21),16:07:00 (21),17:07:00 (21),18:07:00 (21),19:07:00 (21),20:07:00 (21),22:07:00 (21),23:07:00 (21),24:07:00 (21),25:07:00 (21),07:22:00 (21),05:48:00 (8),08:26:00 (21),06:53:00 (8),09:26:00 (21),07:53:00 (8),08:53:00 (8),09:53:00 (8),10:53:00 (8),11:53:00 (8),12:53:00 (8),13:53:00 (8),14:53:00 (8),17:22:00 (21),15:53:00 (8),18:22:00 (21),16:53:00 (8),17:53:00 (8),18:53:00 (8),19:53:00 (8),20:53:00 (8),21:53:00 (8),22:53:00 (8),23:52:00 (8),07:08:00 (8),08:08:00 (8),10:37:00 (21),11:37:00 (21),12:37:00 (21),13:37:00 (21),14:37:00 (21),15:37:00 (21),16:37:00 (21),17:37:00 (21),18:37:00 (21),19:37:00 (21),20:37:00 (21),21:37:00 (21),22:37:00 (21),23:37:00 (21),24:37:00 (21),25:40:00 (21),,,,,,,,,,,,,,,,,,,,,,,,,,,,,,,,,,,,,,,,,,,,,,,,,,,,,,,,,,,,,,,,,,,,,,,,,,,,,,,,,,,,,,,,,,,,,,,,,,,,,,,,,,,,,,,,,,,,,,,,,,,,,,,,,,,,,,,,,,,,,,,,,,,,,,,,,,,,,,,,,,,,
65,Agincourt GO,,,,,,,,,,,,,,,,,,,,,,,,,,,,,,,,,,,,,,,,,,,,,,,,,,,,,,,,,,,,,,,,,,,,,,,,,,,,,,,,,,,,,,,,,,,,,,,,,,,,,,,,,,,,,,,,,,,,,,,,,,,,,,,,,,,,,,,,,,,,,,,,,,,,,,,,,,,,,,,,,,,,,,,,,,,,,,,,,,,,,,,,,,,,,,,,,,,,,,,,,,,,,,,,,,,,,,,,,,,,,,,,,,,,,,,,,,,,,,,,,,,,,,,,,,,,,,,,,,,,,,,,,,,,,,,,,,,,,,,,,,,,,,,,,,,,,,,,,,,,,,,,,,,,,,,,,,,09:39:00 (15),10:39:00 (15),11:39:00 (15),11:01:00 (10),12:39:00 (15),12:01:00 (10),13:39:00 (15),13:01:00 (10),14:39:00 (15),14:01:00 (10),15:01:00 (10),16:01:00 (10),18:39:00 (15),19:39:00 (15),20:39:00 (15),20:01:00 (10),21:39:00 (15),21:01:00 (10),22:39:00 (15),22:01:00 (10),23:01:00 (10),15:39:00 (15),16:39:00 (15),17:39:00 (15),23:39:00 (15),24:39:00 (15),06:01:00 (13),07:01:00 (13),08:01:00 (13),09:01:00 (13),10:01:00 (13),17:09:00 (15),18:09:00 (15),07:31:00 (13),08:31:00 (13)
66,Allandale Waterfront GO,,,,,,,,,,,,,,,05:16:00 (1),06:16:00 (1),18:56:00 (35),19:11:00 (35),05:46:00 (1),06:46:00 (1),18:26:00 (35),07:01:00 (1),08:02:00 (1),11:37:00 (35),09:02:00 (1),15:44:00 (35),13:08:00 (1),17:41:00 (35),19:41:00 (35),23:44:00 (35),21:10:00 (1),24:38:00 (35),,,,,,,,,,,,,,,,,,,,,,,,,,,,,,,,,,,,,,,,,,,,,,,,,,,,,,,,,,,,,,,,,,,,,,,,,,,,,,,,,,,,,,,,,,,,,,,,,,,,,,,,,,,,,,,,,,,,,,,,,,,,,,,,,,,,,,,,,,,,,,,,,,,,,,,,,,,,,,,,,,,,,,,,,,,,,,,,,,,,,,,,,,,,,,,,,,,,,,,,,,,,,,,,,,,,,,,,,,,,,,,,,,,,,,,,,,,,,,,,,,,,,,,,,,,,,,,,,,,,,,,,,,,,,,,,,,,,,,,,,,,,,,,,,,,,,,,,,,,,,,,,,,,,,,,,,,,,,
67,Acton GO,,,,,,,,,,,,,,,,,,,,,,,,,,,,,,,,,,,,,,,,,,,,,,,,,,,,,,,,,,,,,,,,,,,,,,,,,,,,,,,,,,,09:16:00 (10),12:19:00 (10),15:19:00 (10),19:15:00 (32),21:19:00 (10),07:10:00 (10),08:10:00 (10),17:23:00 (32),18:23:00 (32),05:46:00 (10),06:46:00 (10),10:44:00 (32),13:45:00 (32),16:46:00 (32),22:45:00 (32),23:45:00 (32),07:40:00 (10),08:40:00 (10),17:53:00 (32),18:57:00 (32),,,,,,,,,,,,,,,,,,,,,,,,,,,,,,,,,,,,,,,,,,,,,,,,,,,,,,,,,,,,,,,,,,,,,,,,,,,,,,,,,,,,,,,,,,,,,,,,,,,,,,,,,,,,,,,,,,,,,,,,,,,,,,,,,,,,,,,,,,,,,,,,,,,,,,,,,,,,,,,,,,,,,,,,,,,,,,,,,,,,,,,,,,,,,,,,,,,,,,,,,,,,,,,,,,,,,,,,,,,,,,,,,,,,,,,,,,,,,,,,,,,,,,,
