,stop_name,2 (Vancouver - Toronto),5 (Jasper - Prince Rupert),6 (Jasper - Prince Rupert),14 (Montréal - Halifax),15 (Montréal - Halifax),20 (Québec - Montréal),22 (Québec - Fallowfield),24 (Québec - Fallowfield),26 (Ottawa - Québec),28 (Ottawa - Québec),29 (Québec - Montréal),31 (Ottawa - Montréal),33 (Ottawa - Québec),35 (Ottawa - Québec),37 (Québec - Fallowfield),38 (Ottawa - Montréal),39 (Québec - Fallowfield),40 (Ottawa - Toronto),41 (Ottawa - Toronto),42 (Ottawa - Toronto),43 (Ottawa - Toronto),44 (Ottawa - Toronto),45 (Ottawa - Toronto),46 (Ottawa - Toronto),47 (Ottawa - Toronto),48 (Ottawa - Toronto),50 (Ottawa - Toronto),52 (Ottawa - Toronto),53 (Ottawa - Toronto),54 (Ottawa - Toronto),55 (Ottawa - Toronto),59 (Ottawa - Toronto),60 (Montréal - Toronto),61 (Montréal - Toronto),62 (Montréal - Toronto),63 (Montréal - Toronto),64 (Montréal - Toronto),65 (Montréal - Toronto),66 (Montréal - Toronto),67 (Montréal - Toronto),68 (Montréal - Toronto),69 (Montréal - Toronto),70 (Toronto - Windsor),71 (Toronto - Windsor),72 (Toronto - Windsor),73 (Toronto - Windsor),75 (Toronto - Windsor),76 (Toronto - Windsor),78 (Toronto - Windsor),79 (Toronto - Windsor),82 (Toronto - London),83 (Toronto - London),84 (Toronto - Sarnia),87 (Toronto - Sarnia),186 (Sudbury - White River),601 (Montréal - Jonquière),603 (Montréal - Senneterre),643 (Ottawa - Toronto),644 (Ottawa - Toronto),645 (Ottawa - Toronto),646 (Ottawa - Toronto),647 (Ottawa - Toronto),650 (Toronto - Kingston),651 (Toronto - Kingston),668 (Montréal - Toronto),669 (Montréal - Toronto),691 (The Pas - Churchill),nan (Air Connect),97-64 (Toronto - New York),98-63 (Toronto - New York)
0,Benny,,,,,,,,,,,,,,,,,,,,,,,,,,,,,,,,,,,,,,,,,,,,,,,,,,,,,,,14:10:00 (30),,,,,,,,,,,,,,,
1,Alexandria,,,,,,,06:57:00 (3),11:05:00 (2),15:05:00 (2),16:54:00 (3),,07:38:00 (3),10:12:00 (9),13:10:00 (10),17:46:00 (9),18:51:00 (3),20:07:00 (8),,,,,,,,,,,,,,,,,,,,,,,,,,,,,,,,,,,,,,,,,,,,,,,,,,,,,
2,Yonkers,,,,,,,,,,,,,,,,,,,,,,,,,,,,,,,,,,,,,,,,,,,,,,,,,,,,,,,,,,,,,,,,,,,,,20:37:00 (21),07:44:00 (2)
3,Niagara Falls,,,,,,,,,,,,,,,,,,,,,,,,,,,,,,,,,,,,,,,,,,,,,,,,,,,,,,,,,,,,,,,,,,,,,10:20:00 (6),17:45:00 (17)
4,Ochre River,,,,,,,,,,,,,,,,,,,,,,,,,,,,,,,,,,,,,,,,,,,,,,,,,,,,,,,,,,,,,,,,,,,,,,
5,Wivenhoe,,,,,,,,,,,,,,,,,,,,,,,,,,,,,,,,,,,,,,,,,,,,,,,,,,,,,,,,,,,,,,,,,,,23:13:00 (38),,,
6,Sarnia,,,,,,,,,,,,,,,,,,,,,,,,,,,,,,,,,,,,,,,,,,,,,,,,,,,,,08:40:00 (1),22:24:00 (12),,,,,,,,,,,,,,,,
7,Mont-Joli,,,,27:09:00 (11),24:56:00 (18),,,,,,,,,,,,,,,,,,,,,,,,,,,,,,,,,,,,,,,,,,,,,,,,,,,,,,,,,,,,,,,,,
8,Saint-Lambert,,,,18:55:00 (2),33:40:00 (27),06:40:00 (2),08:50:00 (7),13:00:00 (6),16:54:00 (6),18:40:00 (7),20:47:00 (5),,08:24:00 (6),11:13:00 (6),15:41:00 (5),,17:58:00 (4),,,,,,,,,,,,,,,,,,,,,,,,,,,,,,,,,,,,,,,,,,,,,,,,,,,,,
9,Orok,,,,,,,,,,,,,,,,,,,,,,,,,,,,,,,,,,,,,,,,,,,,,,,,,,,,,,,,,,,,,,,,,,,04:07:00 (3),,,
10,Mission Harbour,19:35:00 (2),,,,,,,,,,,,,,,,,,,,,,,,,,,,,,,,,,,,,,,,,,,,,,,,,,,,,,,,,,,,,,,,,,,,,
11,Windigo,,,,,,,,,,,,,,,,,,,,,,,,,,,,,,,,,,,,,,,,,,,,,,,,,,,,,,,,,14:47:00 (21),,,,,,,,,,,,,
12,Agassiz,20:03:00 (3),,,,,,,,,,,,,,,,,,,,,,,,,,,,,,,,,,,,,,,,,,,,,,,,,,,,,,,,,,,,,,,,,,,,,
13,Thibaudeau,,,,,,,,,,,,,,,,,,,,,,,,,,,,,,,,,,,,,,,,,,,,,,,,,,,,,,,,,,,,,,,,,,,28:00:00 (44),,,
14,Telkwa,,40:52:00 (23),17:37:00 (12),,,,,,,,,,,,,,,,,,,,,,,,,,,,,,,,,,,,,,,,,,,,,,,,,,,,,,,,,,,,,,,,,,,
15,Saint-Maurice Rivière Boom,,,,,,,,,,,,,,,,,,,,,,,,,,,,,,,,,,,,,,,,,,,,,,,,,,,,,,,,,15:24:00 (26),,,,,,,,,,,,,
16,Timbrell,,,,,,,,,,,,,,,,,,,,,,,,,,,,,,,,,,,,,,,,,,,,,,,,,,,,,,,,,17:09:00 (37),,,,,,,,,,,,,
17,O'Brien,,,,,,,,,,,,,,,,,,,,,,,,,,,,,,,,,,,,,,,,,,,,,,,,,,,,,,,07:15:00 (2),,,,,,,,,,,,,,,
18,Sipiwesk,,,,,,,,,,,,,,,,,,,,,,,,,,,,,,,,,,,,,,,,,,,,,,,,,,,,,,,,,,,,,,,,,,,19:35:00 (28),,,
19,Cedarvale,,43:51:00 (27),14:44:00 (8),,,,,,,,,,,,,,,,,,,,,,,,,,,,,,,,,,,,,,,,,,,,,,,,,,,,,,,,,,,,,,,,,,,
20,Herchmer,,,,,,,,,,,,,,,,,,,,,,,,,,,,,,,,,,,,,,,,,,,,,,,,,,,,,,,,,,,,,,,,,,,29:26:00 (45),,,
21,Rochester,,,,,,,,,,,,,,,,,,,,,,,,,,,,,,,,,,,,,,,,,,,,,,,,,,,,,,,,,,,,,,,,,,,,,13:34:00 (10),14:13:00 (13)
22,Club Beaudin,,,,,,,,,,,,,,,,,,,,,,,,,,,,,,,,,,,,,,,,,,,,,,,,,,,,,,,,,18:52:00 (50),,,,,,,,,,,,,
23,Bourmont,,,,,,,,,,,,,,,,,,,,,,,,,,,,,,,,,,,,,,,,,,,,,,,,,,,,,,,,,18:47:00 (49),,,,,,,,,,,,,
24,Levack,,,,,,,,,,,,,,,,,,,,,,,,,,,,,,,,,,,,,,,,,,,,,,,,,,,,,,,14:45:00 (32),,,,,,,,,,,,,,,
25,Usk,,44:40:00 (30),13:48:00 (5),,,,,,,,,,,,,,,,,,,,,,,,,,,,,,,,,,,,,,,,,,,,,,,,,,,,,,,,,,,,,,,,,,,
26,Boston Bar,,,,,,,,,,,,,,,,,,,,,,,,,,,,,,,,,,,,,,,,,,,,,,,,,,,,,,,,,,,,,,,,,,,,,,
27,Hope,,,,,,,,,,,,,,,,,,,,,,,,,,,,,,,,,,,,,,,,,,,,,,,,,,,,,,,,,,,,,,,,,,,,,,
28,Rivière Oskélanéo,,,,,,,,,,,,,,,,,,,,,,,,,,,,,,,,,,,,,,,,,,,,,,,,,,,,,,,,,18:00:00 (43),,,,,,,,,,,,,
29,Chilliwack,,,,,,,,,,,,,,,,,,,,,,,,,,,,,,,,,,,,,,,,,,,,,,,,,,,,,,,,,,,,,,,,,,,,,,
30,Amery,,,,,,,,,,,,,,,,,,,,,,,,,,,,,,,,,,,,,,,,,,,,,,,,,,,,,,,,,,,,,,,,,,,25:52:00 (42),,,
31,Edmonton,45:50:00 (15),,,,,,,,,,,,,,,,,,,,,,,,,,,,,,,,,,,,,,,,,,,,,,,,,,,,,,,,,,,,,,,,,,,,,
32,Greening,,,,,,,,,,,,,,,,,,,,,,,,,,,,,,,,,,,,,,,,,,,,,,,,,,,,,,,,,17:41:00 (41),,,,,,,,,,,,,
33,Hutton,,18:24:00 (11),36:48:00 (24),,,,,,,,,,,,,,,,,,,,,,,,,,,,,,,,,,,,,,,,,,,,,,,,,,,,,,,,,,,,,,,,,,,
34,Fitzpatrick,,,,,,,,,,,,,,,,,,,,,,,,,,,,,,,,,,,,,,,,,,,,,,,,,,,,,,,,,13:29:00 (14),,,,,,,,,,,,,
35,Finger,,,,,,,,,,,,,,,,,,,,,,,,,,,,,,,,,,,,,,,,,,,,,,,,,,,,,,,,,,,,,,,,,,,,,,
36,Dyce,,,,,,,,,,,,,,,,,,,,,,,,,,,,,,,,,,,,,,,,,,,,,,,,,,,,,,,,,,,,,,,,,,,05:59:00 (11),,,
37,Togo,,,,,,,,,,,,,,,,,,,,,,,,,,,,,,,,,,,,,,,,,,,,,,,,,,,,,,,,,,,,,,,,,,,,,,
38,Jonquière,,,,,,,,,,,,,,,,,,,,,,,,,,,,,,,,,,,,,,,,,,,,,,,,,,,,,,,,18:52:00 (44),,,,,,,,,,,,,,
39,Savant Lake,81:14:00 (41),,,,,,,,,,,,,,,,,,,,,,,,,,,,,,,,,,,,,,,,,,,,,,,,,,,,,,,,,,,,,,,,,,,,,
40,Allanwater Bridge,81:46:00 (43),,,,,,,,,,,,,,,,,,,,,,,,,,,,,,,,,,,,,,,,,,,,,,,,,,,,,,,,,,,,,,,,,,,,,
41,Auden,84:14:00 (48),,,,,,,,,,,,,,,,,,,,,,,,,,,,,,,,,,,,,,,,,,,,,,,,,,,,,,,,,,,,,,,,,,,,,
42,Ferland,83:37:00 (47),,,,,,,,,,,,,,,,,,,,,,,,,,,,,,,,,,,,,,,,,,,,,,,,,,,,,,,,,,,,,,,,,,,,,
43,Kamsack,,,,,,,,,,,,,,,,,,,,,,,,,,,,,,,,,,,,,,,,,,,,,,,,,,,,,,,,,,,,,,,,,,,,,,
44,Mud River,83:29:00 (46),,,,,,,,,,,,,,,,,,,,,,,,,,,,,,,,,,,,,,,,,,,,,,,,,,,,,,,,,,,,,,,,,,,,,
45,Armstrong,82:57:00 (45),,,,,,,,,,,,,,,,,,,,,,,,,,,,,,,,,,,,,,,,,,,,,,,,,,,,,,,,,,,,,,,,,,,,,
46,Flindt Landing,81:31:00 (42),,,,,,,,,,,,,,,,,,,,,,,,,,,,,,,,,,,,,,,,,,,,,,,,,,,,,,,,,,,,,,,,,,,,,
47,Gladstone,,,,,,,,,,,,,,,,,,,,,,,,,,,,,,,,,,,,,,,,,,,,,,,,,,,,,,,,,,,,,,,,,,,,,,
48,Collins,82:26:00 (44),,,,,,,,,,,,,,,,,,,,,,,,,,,,,,,,,,,,,,,,,,,,,,,,,,,,,,,,,,,,,,,,,,,,,
49,Sanford,,,,,,,,,,,,,,,,,,,,,,,,,,,,,,,,,,,,,,,,,,,,,,,,,,,,,,,,14:01:00 (24),,,,,,,,,,,,,,
50,Saint-Tite,,,,,,,,,,,,,,,,,,,,,,,,,,,,,,,,,,,,,,,,,,,,,,,,,,,,,,,,10:57:00 (11),10:57:00 (11),,,,,,,,,,,,,
51,Bima,,,,,,,,,,,,,,,,,,,,,,,,,,,,,,,,,,,,,,,,,,,,,,,,,,,,,,,,13:41:00 (20),,,,,,,,,,,,,,
52,Club Sisco,,,,,,,,,,,,,,,,,,,,,,,,,,,,,,,,,,,,,,,,,,,,,,,,,,,,,,,,,16:23:00 (34),,,,,,,,,,,,,
53,Terrace,,45:05:00 (31),13:25:00 (4),,,,,,,,,,,,,,,,,,,,,,,,,,,,,,,,,,,,,,,,,,,,,,,,,,,,,,,,,,,,,,,,,,,
54,Pont Beaudet,,,,,,,,,,,,,,,,,,,,,,,,,,,,,,,,,,,,,,,,,,,,,,,,,,,,,,,,13:37:00 (18),,,,,,,,,,,,,,
55,Vanderhoof,,36:55:00 (18),21:35:00 (17),,,,,,,,,,,,,,,,,,,,,,,,,,,,,,,,,,,,,,,,,,,,,,,,,,,,,,,,,,,,,,,,,,,
56,Brockville,,,,,,,,,,,,,,,,,,,06:43:00 (4),15:53:00 (11),,17:21:00 (4),,18:42:00 (6),13:57:00 (4),21:55:00 (11),10:00:00 (7),12:00:00 (7),13:05:00 (3),20:56:00 (10),16:46:00 (3),19:27:00 (4),,,,10:56:00 (4),14:56:00 (7),,,,20:13:00 (6),18:42:00 (4),,,,,,,,,,,,,,,,09:52:00 (4),,,,,,,,,,,,
57,Malton,,,,,,,,,,,,,,,,,,,,,,,,,,,,,,,,,,,,,,,,,,,,,,,,,,,,,13:13:00 (11),18:01:00 (2),,,,,,,,,,,,,,,,
58,Dunster,,15:12:00 (3),39:35:00 (32),,,,,,,,,,,,,,,,,,,,,,,,,,,,,,,,,,,,,,,,,,,,,,,,,,,,,,,,,,,,,,,,,,,
59,Chambord,,,,,,,,,,,,,,,,,,,,,,,,,,,,,,,,,,,,,,,,,,,,,,,,,,,,,,,,17:00:00 (42),,,,,,,,,,,,,,
60,Oakville,,,,,,,,,,,,,,,,,,,,,,,,,,,,,,,,,,,,,,,,,,,09:46:00 (8),07:15:00 (2),12:47:00 (9),11:55:00 (2),17:48:00 (2),17:29:00 (7),21:26:00 (9),20:09:00 (2),,,,,,,,,,,,,,,,,,,08:45:00 (2),19:19:00 (21)
61,Hervey,,,,,,,,,,,,,,,,,,,,,,,,,,,,,,,,,,,,,,,,,,,,,,,,,,,,,,,,11:50:00 (12),11:45:00 (12),,,,,,,,,,,,,
62,Churchill,,,,,,,,,,,,,,,,,,,,,,,,,,,,,,,,,,,,,,,,,,,,,,,,,,,,,,,,,,,,,,,,,,,34:00:00 (50),,,
63,Fort Fraser,,37:32:00 (19),20:57:00 (16),,,,,,,,,,,,,,,,,,,,,,,,,,,,,,,,,,,,,,,,,,,,,,,,,,,,,,,,,,,,,,,,,,,
64,La Tuque,,,,,,,,,,,,,,,,,,,,,,,,,,,,,,,,,,,,,,,,,,,,,,,,,,,,,,,,,13:21:00 (13),,,,,,,,,,,,,
65,Vandry,,,,,,,,,,,,,,,,,,,,,,,,,,,,,,,,,,,,,,,,,,,,,,,,,,,,,,,,,15:09:00 (24),,,,,,,,,,,,,
66,Burns Lake,,38:58:00 (21),19:32:00 (14),,,,,,,,,,,,,,,,,,,,,,,,,,,,,,,,,,,,,,,,,,,,,,,,,,,,,,,,,,,,,,,,,,,
67,Weir River,,,,,,,,,,,,,,,,,,,,,,,,,,,,,,,,,,,,,,,,,,,,,,,,,,,,,,,,,,,,,,,,,,,26:43:00 (43),,,
68,Penny,,17:56:00 (9),37:13:00 (26),,,,,,,,,,,,,,,,,,,,,,,,,,,,,,,,,,,,,,,,,,,,,,,,,,,,,,,,,,,,,,,,,,,
69,Dorval,,,,,,,07:49:00 (5),11:54:00 (4),15:53:00 (4),17:42:00 (5),,06:47:00 (2),09:26:00 (8),12:22:00 (8),16:59:00 (7),19:35:00 (4),19:19:00 (6),,,,,,,,,,,,,,,,11:28:00 (8),07:13:00 (2),13:38:00 (8),09:15:00 (2),16:41:00 (9),11:17:00 (2),20:02:00 (7),13:51:00 (2),21:50:00 (8),17:08:00 (2),,,,,,,,,,,,,,,,,,,,,,,22:41:00 (6),18:38:00 (2),,07:00:00 (1),,
70,Georgetown,,,,,,,,,,,,,,,,,,,,,,,,,,,,,,,,,,,,,,,,,,,,,,,,,,,,,12:49:00 (9),18:26:00 (4),,,,,,,,,,,,,,,,
71,Nakina,85:20:00 (49),,,,,,,,,,,,,,,,,,,,,,,,,,,,,,,,,,,,,,,,,,,,,,,,,,,,,,,,,,,,,,,,,,,,,
72,Caramat,86:39:00 (51),,,,,,,,,,,,,,,,,,,,,,,,,,,,,,,,,,,,,,,,,,,,,,,,,,,,,,,,,,,,,,,,,,,,,
73,Hillsport,87:29:00 (52),,,,,,,,,,,,,,,,,,,,,,,,,,,,,,,,,,,,,,,,,,,,,,,,,,,,,,,,,,,,,,,,,,,,,
74,Bird,,,,,,,,,,,,,,,,,,,,,,,,,,,,,,,,,,,,,,,,,,,,,,,,,,,,,,,,,,,,,,,,,,,25:29:00 (41),,,
75,London,,,,,,,,,,,,,,,,,,,,,,,,,,,,,,,,,,,,,,,,,,,07:35:00 (3),09:11:00 (7),10:47:00 (4),13:45:00 (6),19:53:00 (7),15:44:00 (4),19:38:00 (4),21:57:00 (7),06:25:00 (1),18:27:00 (5),09:54:00 (4),21:18:00 (9),,,,,,,,,,,,,,,,
76,Oba,91:30:00 (54),,,,,,,,,,,,,,,,,,,,,,,,,,,,,,,,,,,,,,,,,,,,,,,,,,,,,,,,,,,,,,,,,,,,,
77,Longlac,86:11:00 (50),,,,,,,,,,,,,,,,,,,,,,,,,,,,,,,,,,,,,,,,,,,,,,,,,,,,,,,,,,,,,,,,,,,,,
78,Saint-Hilaire de Portneuf,,,,,,,,,,,,,,,,,,,,,,,,,,,,,,,,,,,,,,,,,,,,,,,,,,,,,,,,13:39:00 (19),,,,,,,,,,,,,,
79,Hudson Bay,,,,,,,,,,,,,,,,,,,,,,,,,,,,,,,,,,,,,,,,,,,,,,,,,,,,,,,,,,,,,,,,,,,,,,
80,Ottermere,74:46:00 (33),,,,,,,,,,,,,,,,,,,,,,,,,,,,,,,,,,,,,,,,,,,,,,,,,,,,,,,,,,,,,,,,,,,,,
81,Aéroport Montréal Pierre-Elliott Trudeau,,,,,,,,,,,,,,,,,,,,,,,,,,,,,,,,,,,,,,,,,,,,,,,,,,,,,,,,,,,,,,,,,,,,07:10:00 (2),,
82,Atikameg Lake,,,,,,,,,,,,,,,,,,,,,,,,,,,,,,,,,,,,,,,,,,,,,,,,,,,,,,,,,,,,,,,,,,,,,,
83,Munk,,,,,,,,,,,,,,,,,,,,,,,,,,,,,,,,,,,,,,,,,,,,,,,,,,,,,,,,,,,,,,,,,,,,,,
84,Wainwright,50:14:00 (17),,,,,,,,,,,,,,,,,,,,,,,,,,,,,,,,,,,,,,,,,,,,,,,,,,,,,,,,,,,,,,,,,,,,,
85,Nonsuch,,,,,,,,,,,,,,,,,,,,,,,,,,,,,,,,,,,,,,,,,,,,,,,,,,,,,,,,,,,,,,,,,,,,,,
86,Nemegos,,,,,,,,,,,,,,,,,,,,,,,,,,,,,,,,,,,,,,,,,,,,,,,,,,,,,,,11:15:00 (16),,,,,,,,,,,,,,,
87,Unity,51:47:00 (18),,,,,,,,,,,,,,,,,,,,,,,,,,,,,,,,,,,,,,,,,,,,,,,,,,,,,,,,,,,,,,,,,,,,,
88,Button,,,,,,,,,,,,,,,,,,,,,,,,,,,,,,,,,,,,,,,,,,,,,,,,,,,,,,,,,,,,,,,,,,,,,,
89,Grimsby,,,,,,,,,,,,,,,,,,,,,,,,,,,,,,,,,,,,,,,,,,,,,,,,,,,,,,,,,,,,,,,,,,,,,09:38:00 (4),18:27:00 (19)
90,Syracuse,,,,,,,,,,,,,,,,,,,,,,,,,,,,,,,,,,,,,,,,,,,,,,,,,,,,,,,,,,,,,,,,,,,,,14:54:00 (11),12:57:00 (12)
91,Tremaudan,,,,,,,,,,,,,,,,,,,,,,,,,,,,,,,,,,,,,,,,,,,,,,,,,,,,,,,,,,,,,,,,,,,,,,
92,Cressman,,,,,,,,,,,,,,,,,,,,,,,,,,,,,,,,,,,,,,,,,,,,,,,,,,,,,,,,,13:49:00 (15),,,,,,,,,,,,,
93,Redditt,75:29:00 (35),,,,,,,,,,,,,,,,,,,,,,,,,,,,,,,,,,,,,,,,,,,,,,,,,,,,,,,,,,,,,,,,,,,,,
94,Minaki,75:03:00 (34),,,,,,,,,,,,,,,,,,,,,,,,,,,,,,,,,,,,,,,,,,,,,,,,,,,,,,,,,,,,,,,,,,,,,
95,Farlane,75:46:00 (36),,,,,,,,,,,,,,,,,,,,,,,,,,,,,,,,,,,,,,,,,,,,,,,,,,,,,,,,,,,,,,,,,,,,,
96,Glenella,,,,,,,,,,,,,,,,,,,,,,,,,,,,,,,,,,,,,,,,,,,,,,,,,,,,,,,,,,,,,,,,,,,,,,
97,Rivers,66:22:00 (23),,,,,,,,,,,,,,,,,,,,,,,,,,,,,,,,,,,,,,,,,,,,,,,,,,,,,,,,,,,,,,,,,,,,,
98,Ottawa,,,,,,,06:07:00 (1),10:13:00 (1),14:17:00 (1),16:05:00 (1),,08:25:00 (5),11:04:00 (11),13:58:00 (12),18:36:00 (10),17:55:00 (1),20:51:00 (9),15:02:00 (6),05:21:00 (1),17:16:00 (14),09:35:00 (1),18:43:00 (7),10:24:00 (1),20:00:00 (8),12:23:00 (1),23:11:00 (14),11:21:00 (10),13:32:00 (10),11:43:00 (1),22:13:00 (13),15:25:00 (1),18:03:00 (1),,,,,,,,,,,,,,,,,,,,,,,,,,08:29:00 (1),17:53:00 (8),14:29:00 (1),20:46:00 (6),16:51:00 (1),,,,,,,,
99,Houston,,40:08:00 (22),18:22:00 (13),,,,,,,,,,,,,,,,,,,,,,,,,,,,,,,,,,,,,,,,,,,,,,,,,,,,,,,,,,,,,,,,,,,
100,The Pas,,,,,,,,,,,,,,,,,,,,,,,,,,,,,,,,,,,,,,,,,,,,,,,,,,,,,,,,,,,,,,,,,,,03:30:00 (1),,,
101,Grand-Mère,,,,,,,,,,,,,,,,,,,,,,,,,,,,,,,,,,,,,,,,,,,,,,,,,,,,,,,,10:30:00 (9),10:30:00 (9),,,,,,,,,,,,,
102,Canyon,76:23:00 (37),,,,,,,,,,,,,,,,,,,,,,,,,,,,,,,,,,,,,,,,,,,,,,,,,,,,,,,,,,,,,,,,,,,,,
103,Saint-Paulin,,,,,,,,,,,,,,,,,,,,,,,,,,,,,,,,,,,,,,,,,,,,,,,,,,,,,,,,09:50:00 (6),09:50:00 (6),,,,,,,,,,,,,
104,Hirondelle,,,,,,,,,,,,,,,,,,,,,,,,,,,,,,,,,,,,,,,,,,,,,,,,,,,,,,,,14:14:00 (26),,,,,,,,,,,,,,
105,Charny,,,,,,,,15:39:00 (9),19:46:00 (9),21:15:00 (10),,,06:05:00 (3),08:42:00 (3),,,,,,,,,,,,,,,,,,,,,,,,,,,,,,,,,,,,,,,,,,,,,,,,,,,,,,,,
106,Sturgis,,,,,,,,,,,,,,,,,,,,,,,,,,,,,,,,,,,,,,,,,,,,,,,,,,,,,,,,,,,,,,,,,,,,,,
107,Schenectady,,,,,,,,,,,,,,,,,,,,,,,,,,,,,,,,,,,,,,,,,,,,,,,,,,,,,,,,,,,,,,,,,,,,,17:44:00 (15),10:34:00 (8)
108,Miquick,,,,,,,,,,,,,,,,,,,,,,,,,,,,,,,,,,,,,,,,,,,,,,,,,,,,,,,,13:17:00 (15),,,,,,,,,,,,,,
109,Falrie,,,,,,,,,,,,,,,,,,,,,,,,,,,,,,,,,,,,,,,,,,,,,,,,,,,,,,,,13:34:00 (17),,,,,,,,,,,,,,
110,Jasper,38:30:00 (11),12:45:00 (1),43:00:00 (34),,,,,,,,,,,,,,,,,,,,,,,,,,,,,,,,,,,,,,,,,,,,,,,,,,,,,,,,,,,,,,,,,,,
111,Amherst,,,,37:57:00 (25),13:38:00 (4),,,,,,,,,,,,,,,,,,,,,,,,,,,,,,,,,,,,,,,,,,,,,,,,,,,,,,,,,,,,,,,,,
112,Rousseau,,,,,,,,,,,,,,,,,,,,,,,,,,,,,,,,,,,,,,,,,,,,,,,,,,,,,,,,12:20:00 (13),,,,,,,,,,,,,,
113,Earchman,,,,,,,,,,,,,,,,,,,,,,,,,,,,,,,,,,,,,,,,,,,,,,,,,,,,,,,,,,,,,,,,,,,,,,
114,Dessane,,,,,,,,,,,,,,,,,,,,,,,,,,,,,,,,,,,,,,,,,,,,,,,,,,,,,,,,,15:15:00 (25),,,,,,,,,,,,,
115,Turnbull,,,,,,,,,,,,,,,,,,,,,,,,,,,,,,,,,,,,,,,,,,,,,,,,,,,,,,,,,,,,,,,,,,,07:10:00 (14),,,
116,Da-Rou-Lac Lodge,,,,,,,,,,,,,,,,,,,,,,,,,,,,,,,,,,,,,,,,,,,,,,,,,,,,,,,,,19:01:00 (52),,,,,,,,,,,,,
117,Lac Bouchette,,,,,,,,,,,,,,,,,,,,,,,,,,,,,,,,,,,,,,,,,,,,,,,,,,,,,,,,16:23:00 (41),,,,,,,,,,,,,,
118,Niagara Falls Station,,,,,,,,,,,,,,,,,,,,,,,,,,,,,,,,,,,,,,,,,,,,,,,,,,,,,,,,,,,,,,,,,,,,,11:50:00 (7),16:50:00 (16)
119,Cormorant,,,,,,,,,,,,,,,,,,,,,,,,,,,,,,,,,,,,,,,,,,,,,,,,,,,,,,,,,,,,,,,,,,,05:12:00 (8),,,
120,Sainte-Foy,,,,22:12:00 (5),30:28:00 (24),09:27:00 (5),11:22:00 (10),15:47:00 (10),19:54:00 (10),21:23:00 (11),18:08:00 (2),,05:57:00 (2),08:34:00 (2),13:00:00 (2),,15:24:00 (2),,,,,,,,,,,,,,,,,,,,,,,,,,,,,,,,,,,,,,,,,,,,,,,,,,,,,
121,Devon,,,,,,,,,,,,,,,,,,,,,,,,,,,,,,,,,,,,,,,,,,,,,,,,,,,,,,,11:00:00 (15),,,,,,,,,,,,,,,
122,Laurier,,,,,,,,,,,,,,,,,,,,,,,,,,,,,,,,,,,,,,,,,,,,,,,,,,,,,,,,,,,,,,,,,,,,,,
123,Québec,,,,,,09:52:00 (6),11:47:00 (11),16:12:00 (11),20:19:00 (11),21:48:00 (12),17:41:00 (1),,05:29:00 (1),08:06:00 (1),12:32:00 (1),,14:57:00 (1),,,,,,,,,,,,,,,,,,,,,,,,,,,,,,,,,,,,,,,,,,,,,,,,,,,,,
124,McGregor,,18:43:00 (13),36:33:00 (22),,,,,,,,,,,,,,,,,,,,,,,,,,,,,,,,,,,,,,,,,,,,,,,,,,,,,,,,,,,,,,,,,,,
125,Longworth,,18:11:00 (10),36:59:00 (25),,,,,,,,,,,,,,,,,,,,,,,,,,,,,,,,,,,,,,,,,,,,,,,,,,,,,,,,,,,,,,,,,,,
126,Lyddal,,,,,,,,,,,,,,,,,,,,,,,,,,,,,,,,,,,,,,,,,,,,,,,,,,,,,,,,,,,,,,,,,,,09:16:00 (20),,,
127,Mikado,,,,,,,,,,,,,,,,,,,,,,,,,,,,,,,,,,,,,,,,,,,,,,,,,,,,,,,,,,,,,,,,,,,,,,
128,Pikwitonei,,,,,,,,,,,,,,,,,,,,,,,,,,,,,,,,,,,,,,,,,,,,,,,,,,,,,,,,,,,,,,,,,,,20:02:00 (29),,,
129,M'Clintock,,,,,,,,,,,,,,,,,,,,,,,,,,,,,,,,,,,,,,,,,,,,,,,,,,,,,,,,,,,,,,,,,,,30:50:00 (47),,,
130,Smiths Falls,,,,,,,,,,,,,,,,,,,06:10:00 (3),16:28:00 (12),,17:52:00 (5),,,13:20:00 (3),22:26:00 (12),10:31:00 (8),12:37:00 (8),,21:27:00 (11),,18:53:00 (3),,,,,,,,,,,,,,,,,,,,,,,,,,09:20:00 (3),,,,,,,,,,,,
131,Missanabie,,,,,,,,,,,,,,,,,,,,,,,,,,,,,,,,,,,,,,,,,,,,,,,,,,,,,,,09:00:00 (8),,,,,,,,,,,,,,,
132,Windsor,,,,,,,,,,,,,,,,,,,,,,,,,,,,,,,,,,,,,,,,,,,05:35:00 (1),11:08:00 (10),08:43:00 (1),15:45:00 (8),21:50:00 (10),13:46:00 (1),17:40:00 (1),23:44:00 (10),,,,,,,,,,,,,,,,,,,,
133,Consolidated Bathurst,,,,,,,,,,,,,,,,,,,,,,,,,,,,,,,,,,,,,,,,,,,,,,,,,,,,,,,,,18:41:00 (47),,,,,,,,,,,,,
134,Elsas,93:04:00 (55),,,,,,,,,,,,,,,,,,,,,,,,,,,,,,,,,,,,,,,,,,,,,,,,,,,,,,,,,,,,,,,,,,,,,
135,Clova,,,,,,,,,,,,,,,,,,,,,,,,,,,,,,,,,,,,,,,,,,,,,,,,,,,,,,,,,18:13:00 (44),,,,,,,,,,,,,
136,Club Bélanger,,,,,,,,,,,,,,,,,,,,,,,,,,,,,,,,,,,,,,,,,,,,,,,,,,,,,,,,,15:42:00 (30),,,,,,,,,,,,,
137,Musk,,,,,,,,,,,,,,,,,,,,,,,,,,,,,,,,,,,,,,,,,,,,,,,,,,,,,,,10:02:00 (12),,,,,,,,,,,,,,,
138,Langlade,,,,,,,,,,,,,,,,,,,,,,,,,,,,,,,,,,,,,,,,,,,,,,,,,,,,,,,,,18:59:00 (51),,,,,,,,,,,,,
139,Charette,,,,,,,,,,,,,,,,,,,,,,,,,,,,,,,,,,,,,,,,,,,,,,,,,,,,,,,,09:59:00 (7),09:59:00 (7),,,,,,,,,,,,,
140,Clearwater,29:58:00 (8),,,,,,,,,,,,,,,,,,,,,,,,,,,,,,,,,,,,,,,,,,,,,,,,,,,,,,,,,,,,,,,,,,,,,
141,Causapscal,,,,28:53:00 (14),22:40:00 (15),,,,,,,,,,,,,,,,,,,,,,,,,,,,,,,,,,,,,,,,,,,,,,,,,,,,,,,,,,,,,,,,,
142,Charlo,,,,31:08:00 (17),20:06:00 (12),,,,,,,,,,,,,,,,,,,,,,,,,,,,,,,,,,,,,,,,,,,,,,,,,,,,,,,,,,,,,,,,,
143,Stratford,,,,,,,,,,,,,,,,,,,,,,,,,,,,,,,,,,,,,,,,,,,,,,,,,,,,,11:16:00 (6),19:59:00 (7),,,,,,,,,,,,,,,,
144,Trois Pistoles,,,,25:18:00 (9),26:34:00 (20),,,,,,,,,,,,,,,,,,,,,,,,,,,,,,,,,,,,,,,,,,,,,,,,,,,,,,,,,,,,,,,,,
145,Brooks,,,,,,,,,,,,,,,,,,,,,,,,,,,,,,,,,,,,,,,,,,,,,,,,,,,,,,,,15:18:00 (35),,,,,,,,,,,,,,
146,Aleza Lake,,19:01:00 (15),36:17:00 (20),,,,,,,,,,,,,,,,,,,,,,,,,,,,,,,,,,,,,,,,,,,,,,,,,,,,,,,,,,,,,,,,,,,
147,Van Bruyssels,,,,,,,,,,,,,,,,,,,,,,,,,,,,,,,,,,,,,,,,,,,,,,,,,,,,,,,,15:31:00 (37),,,,,,,,,,,,,,
148,Rawebb,,,,,,,,,,,,,,,,,,,,,,,,,,,,,,,,,,,,,,,,,,,,,,,,,,,,,,,,,,,,,,,,,,,,,,
149,Evansburg,42:28:00 (14),,,,,,,,,,,,,,,,,,,,,,,,,,,,,,,,,,,,,,,,,,,,,,,,,,,,,,,,,,,,,,,,,,,,,
150,Poughkeepsie,,,,,,,,,,,,,,,,,,,,,,,,,,,,,,,,,,,,,,,,,,,,,,,,,,,,,,,,,,,,,,,,,,,,,19:36:00 (19),08:45:00 (4)
151,Biggar,53:31:00 (19),,,,,,,,,,,,,,,,,,,,,,,,,,,,,,,,,,,,,,,,,,,,,,,,,,,,,,,,,,,,,,,,,,,,,
152,Pit Siding,,,,,,,,,,,,,,,,,,,,,,,,,,,,,,,,,,,,,,,,,,,,,,,,,,,,,,,,,,,,,,,,,,,21:35:00 (34),,,
153,Pogamasing,,,,,,,,,,,,,,,,,,,,,,,,,,,,,,,,,,,,,,,,,,,,,,,,,,,,,,,13:45:00 (28),,,,,,,,,,,,,,,
154,Prince Rupert,,47:25:00 (34),11:00:00 (1),,,,,,,,,,,,,,,,,,,,,,,,,,,,,,,,,,,,,,,,,,,,,,,,,,,,,,,,,,,,,,,,,,,
155,Shawinigan,,,,,,,,,,,,,,,,,,,,,,,,,,,,,,,,,,,,,,,,,,,,,,,,,,,,,,,,10:22:00 (8),10:22:00 (8),,,,,,,,,,,,,
156,Sudbury,,,,,,,,,,,,,,,,,,,,,,,,,,,,,,,,,,,,,,,,,,,,,,,,,,,,,,,15:50:00 (36),,,,,,,,,,,,,,,
157,Halifax,,,,41:06:00 (28),10:30:00 (1),,,,,,,,,,,,,,,,,,,,,,,,,,,,,,,,,,,,,,,,,,,,,,,,,,,,,,,,,,,,,,,,,
158,Guildwood,,,,,,,,,,,,,,,,,,10:52:00 (2),,12:37:00 (2),13:30:00 (4),,,15:52:00 (2),17:00:00 (9),18:52:00 (2),06:52:00 (2),08:52:00 (2),16:15:00 (9),17:52:00 (2),,22:30:00 (10),06:52:00 (2),11:45:00 (7),08:52:00 (2),14:00:00 (9),11:52:00 (2),16:00:00 (8),15:37:00 (2),,,21:30:00 (7),,,,,,,,,,,,,,,,13:00:00 (12),13:37:00 (2),,16:52:00 (2),21:00:00 (5),,08:01:00 (8),18:22:00 (2),23:00:00 (6),,,,
159,Hebertville,,,,,,,,,,,,,,,,,,,,,,,,,,,,,,,,,,,,,,,,,,,,,,,,,,,,,,,,17:34:00 (43),,,,,,,,,,,,,,
160,Prince George,,35:00:00 (17),35:15:00 (18),,,,,,,,,,,,,,,,,,,,,,,,,,,,,,,,,,,,,,,,,,,,,,,,,,,,,,,,,,,,,,,,,,,
161,Viking,47:53:00 (16),,,,,,,,,,,,,,,,,,,,,,,,,,,,,,,,,,,,,,,,,,,,,,,,,,,,,,,,,,,,,,,,,,,,,
162,Ophir,74:16:00 (28),,,,,,,,,,,,,,,,,,,,,,,,,,,,,,,,,,,,,,,,,,,,,,,,,,,,,,,,,,,,,,,,,,,,,
163,Joliette,,,,,,,,,,,,,,,,,,,,,,,,,,,,,,,,,,,,,,,,,,,,,,,,,,,,,,,,09:08:00 (4),09:08:00 (4),,,,,,,,,,,,,
164,La Perouse,,,,,,,,,,,,,,,,,,,,,,,,,,,,,,,,,,,,,,,,,,,,,,,,,,,,,,,,,,,,,,,,,,,,,,
165,Cobourg,,,,,,,,,,,,,,,,,,,08:47:00 (9),13:37:00 (5),,,,16:45:00 (4),,19:47:00 (5),07:46:00 (4),09:47:00 (4),15:15:00 (7),18:48:00 (5),18:57:00 (8),21:33:00 (8),07:46:00 (4),,09:47:00 (4),13:01:00 (7),12:49:00 (4),15:01:00 (6),,17:19:00 (6),18:16:00 (3),,,,,,,,,,,,,,,,,11:59:00 (9),14:30:00 (4),,,,20:42:00 (4),07:00:00 (5),,,,,,
166,Kondiaronk,,,,,,,,,,,,,,,,,,,,,,,,,,,,,,,,,,,,,,,,,,,,,,,,,,,,,,,,15:44:00 (39),,,,,,,,,,,,,,
167,Kwinitsa,,46:09:00 (32),12:17:00 (3),,,,,,,,,,,,,,,,,,,,,,,,,,,,,,,,,,,,,,,,,,,,,,,,,,,,,,,,,,,,,,,,,,,
168,Amsterdam,,,,,,,,,,,,,,,,,,,,,,,,,,,,,,,,,,,,,,,,,,,,,,,,,,,,,,,,,,,,,,,,,,,,,16:55:00 (14),10:52:00 (9)
169,Dorreen,,44:12:00 (28),14:19:00 (7),,,,,,,,,,,,,,,,,,,,,,,,,,,,,,,,,,,,,,,,,,,,,,,,,,,,,,,,,,,,,,,,,,,
170,McTavish,,,,,,,,,,,,,,,,,,,,,,,,,,,,,,,,,,,,,,,,,,,,,,,,,,,,,,,,,14:45:00 (20),,,,,,,,,,,,,
171,Rice Lake,74:35:00 (30),,,,,,,,,,,,,,,,,,,,,,,,,,,,,,,,,,,,,,,,,,,,,,,,,,,,,,,,,,,,,,,,,,,,,
172,Lac Édouard,,,,,,,,,,,,,,,,,,,,,,,,,,,,,,,,,,,,,,,,,,,,,,,,,,,,,,,,14:41:00 (29),,,,,,,,,,,,,,
173,Club Maniwawa,,,,,,,,,,,,,,,,,,,,,,,,,,,,,,,,,,,,,,,,,,,,,,,,,,,,,,,,,17:30:00 (40),,,,,,,,,,,,,
174,Coquar,,,,,,,,,,,,,,,,,,,,,,,,,,,,,,,,,,,,,,,,,,,,,,,,,,,,,,,,,18:22:00 (45),,,,,,,,,,,,,
175,Chelmsford,,,,,,,,,,,,,,,,,,,,,,,,,,,,,,,,,,,,,,,,,,,,,,,,,,,,,,,15:00:00 (34),,,,,,,,,,,,,,,
176,Copelands Landing,74:38:00 (31),,,,,,,,,,,,,,,,,,,,,,,,,,,,,,,,,,,,,,,,,,,,,,,,,,,,,,,,,,,,,,,,,,,,,
177,Larchwood,,,,,,,,,,,,,,,,,,,,,,,,,,,,,,,,,,,,,,,,,,,,,,,,,,,,,,,14:51:00 (33),,,,,,,,,,,,,,,
178,St. Catharines,,,,,,,,,,,,,,,,,,,,,,,,,,,,,,,,,,,,,,,,,,,,,,,,,,,,,,,,,,,,,,,,,,,,,09:58:00 (5),18:08:00 (18)
179,Albany,,,,,,,,,,,,,,,,,,,,,,,,,,,,,,,,,,,,,,,,,,,,,,,,,,,,,,,,,,,,,,,,,,,,,18:35:00 (16),10:10:00 (7)
180,St. Marys,,,,,,,,,,,,,,,,,,,,,,,,,,,,,,,,,,,,,,,,,,,,,,,,,,,,,10:46:00 (5),20:27:00 (8),,,,,,,,,,,,,,,,
181,Truro,,,,39:37:00 (27),12:01:00 (2),,,,,,,,,,,,,,,,,,,,,,,,,,,,,,,,,,,,,,,,,,,,,,,,,,,,,,,,,,,,,,,,,
182,Moncton,,,,36:53:00 (23),14:52:00 (6),,,,,,,,,,,,,,,,,,,,,,,,,,,,,,,,,,,,,,,,,,,,,,,,,,,,,,,,,,,,,,,,,
183,Biscotasing,,,,,,,,,,,,,,,,,,,,,,,,,,,,,,,,,,,,,,,,,,,,,,,,,,,,,,,12:45:00 (23),,,,,,,,,,,,,,,
184,Strathroy,,,,,,,,,,,,,,,,,,,,,,,,,,,,,,,,,,,,,,,,,,,,,,,,,,,,,09:29:00 (3),21:41:00 (10),,,,,,,,,,,,,,,,
185,Rogersville,,,,35:30:00 (22),16:03:00 (7),,,,,,,,,,,,,,,,,,,,,,,,,,,,,,,,,,,,,,,,,,,,,,,,,,,,,,,,,,,,,,,,,
186,Jacquet River,,,,31:32:00 (18),19:42:00 (11),,,,,,,,,,,,,,,,,,,,,,,,,,,,,,,,,,,,,,,,,,,,,,,,,,,,,,,,,,,,,,,,,
187,Brampton,,,,,,,,,,,,,,,,,,,,,,,,,,,,,,,,,,,,,,,,,,,,,,,,,,,,,13:01:00 (10),18:14:00 (3),,,,,,,,,,,,,,,,
188,Ingersoll,,,,,,,,,,,,,,,,,,,,,,,,,,,,,,,,,,,,,,,,,,,07:57:00 (4),08:44:00 (6),11:08:00 (5),,19:20:00 (6),,19:58:00 (5),21:31:00 (6),,,,,,,,,,,,,,,,,,,,
189,Rapide Blanc,,,,,,,,,,,,,,,,,,,,,,,,,,,,,,,,,,,,,,,,,,,,,,,,,,,,,,,,,14:00:00 (17),,,,,,,,,,,,,
190,Cann,,,,,,,,,,,,,,,,,,,,,,,,,,,,,,,,,,,,,,,,,,,,,,,,,,,,,,,,,15:36:00 (29),,,,,,,,,,,,,
191,Budd,,,,,,,,,,,,,,,,,,,,,,,,,,,,,,,,,,,,,,,,,,,,,,,,,,,,,,,,,,,,,,,,,,,,,,
192,Rivière-du-Loup,,,,24:36:00 (8),27:23:00 (21),,,,,,,,,,,,,,,,,,,,,,,,,,,,,,,,,,,,,,,,,,,,,,,,,,,,,,,,,,,,,,,,,
193,Bolkow,,,,,,,,,,,,,,,,,,,,,,,,,,,,,,,,,,,,,,,,,,,,,,,,,,,,,,,09:35:00 (10),,,,,,,,,,,,,,,
194,Rimouski,,,,26:31:00 (10),25:31:00 (19),,,,,,,,,,,,,,,,,,,,,,,,,,,,,,,,,,,,,,,,,,,,,,,,,,,,,,,,,,,,,,,,,
195,Stralak,,,,,,,,,,,,,,,,,,,,,,,,,,,,,,,,,,,,,,,,,,,,,,,,,,,,,,,14:03:00 (29),,,,,,,,,,,,,,,
196,Buffalo (Exchange),,,,,,,,,,,,,,,,,,,,,,,,,,,,,,,,,,,,,,,,,,,,,,,,,,,,,,,,,,,,,,,,,,,,,12:25:00 (8),15:32:00 (15)
197,Gananoque,,,,,,,,,,,,,,,,,,,,15:24:00 (10),,,,,14:24:00 (5),21:29:00 (10),,,13:32:00 (4),,,,,,,,,,,,,,,,,,,,,,,,,,,,,,,,,,,,,,,,,
198,Lac Darey,,,,,,,,,,,,,,,,,,,,,,,,,,,,,,,,,,,,,,,,,,,,,,,,,,,,,,,,,14:19:00 (18),,,,,,,,,,,,,
199,Sackville,,,,37:41:00 (24),13:55:00 (5),,,,,,,,,,,,,,,,,,,,,,,,,,,,,,,,,,,,,,,,,,,,,,,,,,,,,,,,,,,,,,,,,
200,Chapleau,,,,,,,,,,,,,,,,,,,,,,,,,,,,,,,,,,,,,,,,,,,,,,,,,,,,,,,10:32:00 (14),,,,,,,,,,,,,,,
201,Brereton Lake,73:58:00 (27),,,,,,,,,,,,,,,,,,,,,,,,,,,,,,,,,,,,,,,,,,,,,,,,,,,,,,,,,,,,,,,,,,,,,
202,McBride,,15:44:00 (4),39:18:00 (31),,,,,,,,,,,,,,,,,,,,,,,,,,,,,,,,,,,,,,,,,,,,,,,,,,,,,,,,,,,,,,,,,,,
203,Elma,73:37:00 (26),,,,,,,,,,,,,,,,,,,,,,,,,,,,,,,,,,,,,,,,,,,,,,,,,,,,,,,,,,,,,,,,,,,,,
204,Club Jacques-Cartier,,,,,,,,,,,,,,,,,,,,,,,,,,,,,,,,,,,,,,,,,,,,,,,,,,,,,,,,13:31:00 (16),,,,,,,,,,,,,,
205,Wekusko,,,,,,,,,,,,,,,,,,,,,,,,,,,,,,,,,,,,,,,,,,,,,,,,,,,,,,,,,,,,,,,,,,,06:43:00 (13),,,
206,Westree,96:35:00 (58),,,,,,,,,,,,,,,,,,,,,,,,,,,,,,,,,,,,,,,,,,,,,,,,,,,,,,,,,,,,,,,,,,,,,
207,Gogama,96:02:00 (57),,,,,,,,,,,,,,,,,,,,,,,,,,,,,,,,,,,,,,,,,,,,,,,,,,,,,,,,,,,,,,,,,,,,,
208,Petit Rocher,,,,31:55:00 (19),19:19:00 (10),,,,,,,,,,,,,,,,,,,,,,,,,,,,,,,,,,,,,,,,,,,,,,,,,,,,,,,,,,,,,,,,,
209,Felix,97:00:00 (60),,,,,,,,,,,,,,,,,,,,,,,,,,,,,,,,,,,,,,,,,,,,,,,,,,,,,,,,,,,,,,,,,,,,,
210,Ruel,96:52:00 (59),,,,,,,,,,,,,,,,,,,,,,,,,,,,,,,,,,,,,,,,,,,,,,,,,,,,,,,,,,,,,,,,,,,,,
211,Guelph,,,,,,,,,,,,,,,,,,,,,,,,,,,,,,,,,,,,,,,,,,,,,,,,,,,,,12:26:00 (8),18:51:00 (5),,,,,,,,,,,,,,,,
212,Foleyet,94:27:00 (56),,,,,,,,,,,,,,,,,,,,,,,,,,,,,,,,,,,,,,,,,,,,,,,,,,,,,,,,,,,,,,,,,,,,,
213,Glencoe,,,,,,,,,,,,,,,,,,,,,,,,,,,,,,,,,,,,,,,,,,,,09:40:00 (8),10:06:00 (3),,20:22:00 (8),15:04:00 (3),19:00:00 (3),22:26:00 (8),,,,,,,,,,,,,,,,,,,,
214,Vancouver,18:00:00 (1),,,,,,,,,,,,,,,,,,,,,,,,,,,,,,,,,,,,,,,,,,,,,,,,,,,,,,,,,,,,,,,,,,,,,
215,New York,,,,,,,,,,,,,,,,,,,,,,,,,,,,,,,,,,,,,,,,,,,,,,,,,,,,,,,,,,,,,,,,,,,,,21:16:00 (22),07:16:00 (1)
216,Club Sommet,,,,,,,,,,,,,,,,,,,,,,,,,,,,,,,,,,,,,,,,,,,,,,,,,,,,,,,,15:07:00 (33),,,,,,,,,,,,,,
217,Signai,,,,,,,,,,,,,,,,,,,,,,,,,,,,,,,,,,,,,,,,,,,,,,,,,,,,,,,,,19:58:00 (58),,,,,,,,,,,,,
218,Garneau,,,,,,,,,,,,,,,,,,,,,,,,,,,,,,,,,,,,,,,,,,,,,,,,,,,,,,,,10:43:00 (10),10:43:00 (10),,,,,,,,,,,,,
219,Franz,,,,,,,,,,,,,,,,,,,,,,,,,,,,,,,,,,,,,,,,,,,,,,,,,,,,,,,08:20:00 (6),,,,,,,,,,,,,,,
220,Woman River,,,,,,,,,,,,,,,,,,,,,,,,,,,,,,,,,,,,,,,,,,,,,,,,,,,,,,,12:05:00 (20),,,,,,,,,,,,,,,
221,Forsythe,,,,,,,,,,,,,,,,,,,,,,,,,,,,,,,,,,,,,,,,,,,,,,,,,,,,,,,,,19:31:00 (56),,,,,,,,,,,,,
222,Dome Creek,,17:32:00 (7),37:33:00 (28),,,,,,,,,,,,,,,,,,,,,,,,,,,,,,,,,,,,,,,,,,,,,,,,,,,,,,,,,,,,,,,,,,,
223,Belleville,,,,,,,,,,,,,,,,,,12:12:00 (3),08:10:00 (7),14:18:00 (7),,,,,15:30:00 (7),20:28:00 (7),08:21:00 (5),10:23:00 (5),14:39:00 (6),19:30:00 (7),18:16:00 (6),20:53:00 (6),08:21:00 (5),10:14:00 (5),10:23:00 (5),12:23:00 (6),13:26:00 (5),14:23:00 (5),17:04:00 (4),16:44:00 (5),18:51:00 (4),,,,,,,,,,,,,,,,,11:20:00 (7),15:06:00 (5),17:18:00 (4),18:15:00 (4),,21:19:00 (5),06:16:00 (3),,,,,,
224,Hibbard,,,,,,,,,,,,,,,,,,,,,,,,,,,,,,,,,,,,,,,,,,,,,,,,,,,,,,,,,15:53:00 (31),,,,,,,,,,,,,
225,Dalton,,,,,,,,,,,,,,,,,,,,,,,,,,,,,,,,,,,,,,,,,,,,,,,,,,,,,,,09:20:00 (9),,,,,,,,,,,,,,,
226,Club Vermillon,,,,,,,,,,,,,,,,,,,,,,,,,,,,,,,,,,,,,,,,,,,,,,,,,,,,,,,,,13:57:00 (16),,,,,,,,,,,,,
227,Dering,,,,,,,,,,,,,,,,,,,,,,,,,,,,,,,,,,,,,,,,,,,,,,,,,,,,,,,,,,,,,,,,,,,05:20:00 (9),,,
228,Trenton Junction,,,,,,,,,,,,,,,,,,,08:21:00 (8),14:03:00 (6),,,,,,20:14:00 (6),,,,19:15:00 (6),18:30:00 (7),21:06:00 (7),,,,,,,,,,,,,,,,,,,,,,,,,,11:33:00 (8),,,,,,06:28:00 (4),,,,,,
229,Dunlop,,,,,,,,,,,,,,,,,,,,,,,,,,,,,,,,,,,,,,,,,,,,,,,,,,,,,,,,,,,,,,,,,,,,,,
230,Casselman,,,,,,,06:34:00 (2),,,16:32:00 (2),,08:00:00 (4),10:34:00 (10),13:33:00 (11),,18:27:00 (2),,,,,,,,,,,,,,,,,,,,,,,,,,,,,,,,,,,,,,,,,,,,,,,,,,,,,,
231,Goat River,,16:41:00 (5),38:22:00 (30),,,,,,,,,,,,,,,,,,,,,,,,,,,,,,,,,,,,,,,,,,,,,,,,,,,,,,,,,,,,,,,,,,,
232,Club Iroquois,,,,,,,,,,,,,,,,,,,,,,,,,,,,,,,,,,,,,,,,,,,,,,,,,,,,,,,,13:47:00 (22),,,,,,,,,,,,,,
233,Boyd,,,,,,,,,,,,,,,,,,,,,,,,,,,,,,,,,,,,,,,,,,,,,,,,,,,,,,,,,,,,,,,,,,,,,,
234,Thicket Portage,,,,,,,,,,,,,,,,,,,,,,,,,,,,,,,,,,,,,,,,,,,,,,,,,,,,,,,,,,,,,,,,,,,10:37:00 (25),,,
235,Cartier,,,,,,,,,,,,,,,,,,,,,,,,,,,,,,,,,,,,,,,,,,,,,,,,,,,,,,,14:30:00 (31),,,,,,,,,,,,,,,
236,Bathurst,,,,32:52:00 (20),18:58:00 (9),,,,,,,,,,,,,,,,,,,,,,,,,,,,,,,,,,,,,,,,,,,,,,,,,,,,,,,,,,,,,,,,,
237,Plumas,,,,,,,,,,,,,,,,,,,,,,,,,,,,,,,,,,,,,,,,,,,,,,,,,,,,,,,,,,,,,,,,,,,,,,
238,Roberts,,,,,,,,,,,,,,,,,,,,,,,,,,,,,,,,,,,,,,,,,,,,,,,,,,,,,,,12:37:00 (22),,,,,,,,,,,,,,,
239,Pipun,,,,,,,,,,,,,,,,,,,,,,,,,,,,,,,,,,,,,,,,,,,,,,,,,,,,,,,,,,,,,,,,,,,08:25:00 (18),,,
240,Gillam,,,,,,,,,,,,,,,,,,,,,,,,,,,,,,,,,,,,,,,,,,,,,,,,,,,,,,,,,,,,,,,,,,,24:30:00 (40),,,
241,La Pocatière,,,,23:51:00 (7),28:06:00 (22),,,,,,,,,,,,,,,,,,,,,,,,,,,,,,,,,,,,,,,,,,,,,,,,,,,,,,,,,,,,,,,,,
242,Bolger,,,,,,,,,,,,,,,,,,,,,,,,,,,,,,,,,,,,,,,,,,,,,,,,,,,,,,,,,19:24:00 (55),,,,,,,,,,,,,
243,Utica,,,,,,,,,,,,,,,,,,,,,,,,,,,,,,,,,,,,,,,,,,,,,,,,,,,,,,,,,,,,,,,,,,,,,15:53:00 (13),11:50:00 (10)
244,Oshawa,,,,,,,,,,,,,,,,,,,09:22:00 (10),12:58:00 (3),,14:57:00 (2),,16:12:00 (3),16:36:00 (8),19:11:00 (3),07:12:00 (3),09:13:00 (3),15:51:00 (8),18:11:00 (3),19:37:00 (10),22:07:00 (9),07:12:00 (3),11:22:00 (6),09:13:00 (3),13:37:00 (8),12:13:00 (3),15:37:00 (7),15:57:00 (3),17:53:00 (7),17:42:00 (2),21:08:00 (6),,,,,,,,,,,,,,,,12:38:00 (11),13:56:00 (3),18:23:00 (5),17:11:00 (3),20:38:00 (4),20:07:00 (2),07:40:00 (7),18:41:00 (3),22:37:00 (5),,,,
245,Nicholson,,,,,,,,,,,,,,,,,,,,,,,,,,,,,,,,,,,,,,,,,,,,,,,,,,,,,,,09:55:00 (11),,,,,,,,,,,,,,,
246,Bend,,17:36:00 (8),37:32:00 (27),,,,,,,,,,,,,,,,,,,,,,,,,,,,,,,,,,,,,,,,,,,,,,,,,,,,,,,,,,,,,,,,,,,
247,McCreary,,,,,,,,,,,,,,,,,,,,,,,,,,,,,,,,,,,,,,,,,,,,,,,,,,,,,,,,,,,,,,,,,,,,,,
248,Megiscane,,,,,,,,,,,,,,,,,,,,,,,,,,,,,,,,,,,,,,,,,,,,,,,,,,,,,,,,,20:14:00 (59),,,,,,,,,,,,,
249,Luke,,,,,,,,,,,,,,,,,,,,,,,,,,,,,,,,,,,,,,,,,,,,,,,,,,,,,,,,,,,,,,,,,,,,,,
250,Club Rita,,,,,,,,,,,,,,,,,,,,,,,,,,,,,,,,,,,,,,,,,,,,,,,,,,,,,,,,,17:19:00 (38),,,,,,,,,,,,,
251,Loos,,16:58:00 (6),38:07:00 (29),,,,,,,,,,,,,,,,,,,,,,,,,,,,,,,,,,,,,,,,,,,,,,,,,,,,,,,,,,,,,,,,,,,
252,Wabowden,,,,,,,,,,,,,,,,,,,,,,,,,,,,,,,,,,,,,,,,,,,,,,,,,,,,,,,,,,,,,,,,,,,08:48:00 (19),,,
253,Winnipeg,72:30:00 (25),,,,,,,,,,,,,,,,,,,,,,,,,,,,,,,,,,,,,,,,,,,,,,,,,,,,,,,,,,,,,,,,,,,,,
254,Fallowfield,,,,,,,,,,,,,,,,,,14:42:00 (5),05:40:00 (2),16:58:00 (13),09:56:00 (2),18:26:00 (6),10:44:00 (2),19:43:00 (7),12:44:00 (2),22:54:00 (13),11:04:00 (9),13:15:00 (9),12:05:00 (2),21:55:00 (12),15:45:00 (2),18:23:00 (2),,,,,,,,,,,,,,,,,,,,,,,,,,08:50:00 (2),17:34:00 (7),14:55:00 (2),20:26:00 (5),17:12:00 (2),,,,,,,,
255,South Parry,,,,,,,,,,,,,,,,,,,,,,,,,,,,,,,,,,,,,,,,,,,,,,,,,,,,,,,,,,,,,,,,,,,,,,
256,Kitwanga,,43:27:00 (26),14:48:00 (9),,,,,,,,,,,,,,,,,,,,,,,,,,,,,,,,,,,,,,,,,,,,,,,,,,,,,,,,,,,,,,,,,,,
257,Hornepayne,90:39:00 (53),,,,,,,,,,,,,,,,,,,,,,,,,,,,,,,,,,,,,,,,,,,,,,,,,,,,,,,,,,,,,,,,,,,,,
258,Harvey,,14:38:00 (2),40:24:00 (33),,,,,,,,,,,,,,,,,,,,,,,,,,,,,,,,,,,,,,,,,,,,,,,,,,,,,,,,,,,,,,,,,,,
259,Laforest,97:33:00 (62),,,,,,,,,,,,,,,,,,,,,,,,,,,,,,,,,,,,,,,,,,,,,,,,,,,,,,,,,,,,,,,,,,,,,
260,Ilford,,,,,,,,,,,,,,,,,,,,,,,,,,,,,,,,,,,,,,,,,,,,,,,,,,,,,,,,,,,,,,,,,,,22:36:00 (36),,,
261,Paterson,,,,,,,,,,,,,,,,,,,,,,,,,,,,,,,,,,,,,,,,,,,,,,,,,,,,,,,,,,,,,,,,,,,,,,
262,Monet,,,,,,,,,,,,,,,,,,,,,,,,,,,,,,,,,,,,,,,,,,,,,,,,,,,,,,,,,18:33:00 (46),,,,,,,,,,,,,
263,Caribou,,,,,,,,,,,,,,,,,,,,,,,,,,,,,,,,,,,,,,,,,,,,,,,,,,,,,,,,14:56:00 (31),,,,,,,,,,,,,,
264,Pacific,,44:21:00 (29),14:07:00 (6),,,,,,,,,,,,,,,,,,,,,,,,,,,,,,,,,,,,,,,,,,,,,,,,,,,,,,,,,,,,,,,,,,,
265,Valemount,34:01:00 (10),,,,,,,,,,,,,,,,,,,,,,,,,,,,,,,,,,,,,,,,,,,,,,,,,,,,,,,,,,,,,,,,,,,,,
266,Edson,41:19:00 (13),,,,,,,,,,,,,,,,,,,,,,,,,,,,,,,,,,,,,,,,,,,,,,,,,,,,,,,,,,,,,,,,,,,,,
267,Lac-aux-Perles,,,,,,,,,,,,,,,,,,,,,,,,,,,,,,,,,,,,,,,,,,,,,,,,,,,,,,,,14:11:00 (25),,,,,,,,,,,,,,
268,Melville,62:57:00 (22),,,,,,,,,,,,,,,,,,,,,,,,,,,,,,,,,,,,,,,,,,,,,,,,,,,,,,,,,,,,,,,,,,,,,
269,Thompson,,,,,,,,,,,,,,,,,,,,,,,,,,,,,,,,,,,,,,,,,,,,,,,,,,,,,,,,,,,,,,,,,,,18:00:00 (27),,,
270,Drummondville,,,,20:14:00 (4),32:26:00 (25),07:45:00 (4),09:46:00 (9),13:56:00 (8),18:07:00 (8),19:54:00 (9),19:44:00 (3),,07:30:00 (4),10:17:00 (4),14:46:00 (3),,17:00:00 (3),,,,,,,,,,,,,,,,,,,,,,,,,,,,,,,,,,,,,,,,,,,,,,,,,,,,,
271,Saint-Hyacinthe,,,,19:28:00 (3),33:05:00 (26),07:08:00 (3),09:17:00 (8),13:27:00 (7),17:21:00 (7),19:08:00 (8),20:20:00 (4),,07:58:00 (5),10:46:00 (5),15:14:00 (4),,,,,,,,,,,,,,,,,,,,,,,,,,,,,,,,,,,,,,,,,,,,,,,,,,,,,,,
272,Cassiar Cannery,,46:45:00 (33),11:20:00 (2),,,,,,,,,,,,,,,,,,,,,,,,,,,,,,,,,,,,,,,,,,,,,,,,,,,,,,,,,,,,,,,,,,,
273,Anjou (EXO),,,,,,,,,,,,,,,,,,,,,,,,,,,,,,,,,,,,,,,,,,,,,,,,,,,,,,,,08:25:00 (3),08:25:00 (3),,,,,,,,,,,,,
274,Amyot,,,,,,,,,,,,,,,,,,,,,,,,,,,,,,,,,,,,,,,,,,,,,,,,,,,,,,,07:35:00 (3),,,,,,,,,,,,,,,
275,Swanson,,,,,,,,,,,,,,,,,,,,,,,,,,,,,,,,,,,,,,,,,,,,,,,,,,,,,,,08:10:00 (5),,,,,,,,,,,,,,,
276,Wilde,,,,,,,,,,,,,,,,,,,,,,,,,,,,,,,,,,,,,,,,,,,,,,,,,,,,,,,,,,,,,,,,,,,,,,
277,Senneterre,,,,,,,,,,,,,,,,,,,,,,,,,,,,,,,,,,,,,,,,,,,,,,,,,,,,,,,,,21:02:00 (60),,,,,,,,,,,,,
278,Wigwam,,,,,,,,,,,,,,,,,,,,,,,,,,,,,,,,,,,,,,,,,,,,,,,,,,,,,,,,,15:01:00 (23),,,,,,,,,,,,,
279,Grandview,,,,,,,,,,,,,,,,,,,,,,,,,,,,,,,,,,,,,,,,,,,,,,,,,,,,,,,,,,,,,,,,,,,,,,
280,Kormak,,,,,,,,,,,,,,,,,,,,,,,,,,,,,,,,,,,,,,,,,,,,,,,,,,,,,,,11:31:00 (18),,,,,,,,,,,,,,,
281,Leven,,,,,,,,,,,,,,,,,,,,,,,,,,,,,,,,,,,,,,,,,,,,,,,,,,,,,,,,,,,,,,,,,,,10:54:00 (26),,,
282,Stadacona,,,,,,,,,,,,,,,,,,,,,,,,,,,,,,,,,,,,,,,,,,,,,,,,,,,,,,,,13:52:00 (23),,,,,,,,,,,,,,
283,Malachi,74:40:00 (32),,,,,,,,,,,,,,,,,,,,,,,,,,,,,,,,,,,,,,,,,,,,,,,,,,,,,,,,,,,,,,,,,,,,,
284,Club Kapitachuan,,,,,,,,,,,,,,,,,,,,,,,,,,,,,,,,,,,,,,,,,,,,,,,,,,,,,,,,,18:45:00 (48),,,,,,,,,,,,,
285,Kiskisink,,,,,,,,,,,,,,,,,,,,,,,,,,,,,,,,,,,,,,,,,,,,,,,,,,,,,,,,15:30:00 (36),,,,,,,,,,,,,,
286,Brantford,,,,,,,,,,,,,,,,,,,,,,,,,,,,,,,,,,,,,,,,,,,08:48:00 (6),07:59:00 (4),11:58:00 (7),12:42:00 (4),18:36:00 (4),16:41:00 (5),20:41:00 (7),20:51:00 (4),07:27:00 (3),17:22:00 (3),,,,,,,,,,,,,,,,,,
287,Gagnon,,,,,,,,,,,,,,,,,,,,,,,,,,,,,,,,,,,,,,,,,,,,,,,,,,,,,,,,,19:10:00 (53),,,,,,,,,,,,,
288,Aldershot,,,,,,,,,,,,,,,,,,,,,,,,,,,,,,,,,,,,,,,,,,,09:31:00 (7),07:31:00 (3),12:32:00 (8),12:13:00 (3),18:04:00 (3),17:14:00 (6),21:11:00 (8),20:23:00 (3),,16:52:00 (2),,,,,,,,,,,,,,,,,09:01:00 (3),19:04:00 (20)
289,Port Hope,,,,,,,,,,,,,,,,,,,,13:27:00 (4),,,,,,19:38:00 (4),,,,18:39:00 (4),19:07:00 (9),,,,,,,,,,,,,,,,,,,,,,,,,,,12:09:00 (10),,,,,20:34:00 (3),07:10:00 (6),,,,,,
290,Buffalo (Depew),,,,,,,,,,,,,,,,,,,,,,,,,,,,,,,,,,,,,,,,,,,,,,,,,,,,,,,,,,,,,,,,,,,,,12:40:00 (9),15:19:00 (14)
291,Arnot,,,,,,,,,,,,,,,,,,,,,,,,,,,,,,,,,,,,,,,,,,,,,,,,,,,,,,,,,,,,,,,,,,,,,,
292,Campbellton,,,,30:33:00 (16),21:18:00 (13),,,,,,,,,,,,,,,,,,,,,,,,,,,,,,,,,,,,,,,,,,,,,,,,,,,,,,,,,,,,,,,,,
293,Odhill,,,,,,,,,,,,,,,,,,,,,,,,,,,,,,,,,,,,,,,,,,,,,,,,,,,,,,,,,,,,,,,,,,,09:38:00 (21),,,
294,O'Day,,,,,,,,,,,,,,,,,,,,,,,,,,,,,,,,,,,,,,,,,,,,,,,,,,,,,,,,,,,,,,,,,,,30:05:00 (46),,,
295,Coteau,,,,,,,07:25:00 (4),11:27:00 (3),15:27:00 (3),17:16:00 (4),,,,12:47:00 (9),17:24:00 (8),,19:45:00 (7),,,,,,,,,,,,,,,,,,,,,,,,,,,,,,,,,,,,,,,,,,,,,,,,,,,,,
296,Rivière-à-Pierre,,,,,,,,,,,,,,,,,,,,,,,,,,,,,,,,,,,,,,,,,,,,,,,,,,,,,,,,12:41:00 (14),,,,,,,,,,,,,,
297,Casey,,,,,,,,,,,,,,,,,,,,,,,,,,,,,,,,,,,,,,,,,,,,,,,,,,,,,,,,,16:06:00 (32),,,,,,,,,,,,,
298,Club Triton,,,,,,,,,,,,,,,,,,,,,,,,,,,,,,,,,,,,,,,,,,,,,,,,,,,,,,,,14:28:00 (28),,,,,,,,,,,,,,
299,Girdwood,,,,,,,,,,,,,,,,,,,,,,,,,,,,,,,,,,,,,,,,,,,,,,,,,,,,,,,07:45:00 (4),,,,,,,,,,,,,,,
300,Manjobagues,,,,,,,,,,,,,,,,,,,,,,,,,,,,,,,,,,,,,,,,,,,,,,,,,,,,,,,,,16:31:00 (35),,,,,,,,,,,,,
301,McCarthy,,,,,,,,,,,,,,,,,,,,,,,,,,,,,,,,,,,,,,,,,,,,,,,,,,,,,,,,,16:20:00 (33),,,,,,,,,,,,,
302,Croton-Harmon,,,,,,,,,,,,,,,,,,,,,,,,,,,,,,,,,,,,,,,,,,,,,,,,,,,,,,,,,,,,,,,,,,,,,20:17:00 (20),08:03:00 (3)
303,Metagama,,,,,,,,,,,,,,,,,,,,,,,,,,,,,,,,,,,,,,,,,,,,,,,,,,,,,,,13:15:00 (25),,,,,,,,,,,,,,,
304,Dauphin,,,,,,,,,,,,,,,,,,,,,,,,,,,,,,,,,,,,,,,,,,,,,,,,,,,,,,,,,,,,,,,,,,,,,,
305,North Bend,22:46:00 (5),,,,,,,,,,,,,,,,,,,,,,,,,,,,,,,,,,,,,,,,,,,,,,,,,,,,,,,,,,,,,,,,,,,,,
306,Sudbury Jct,100:49:00 (64),,,,,,,,,,,,,,,,,,,,,,,,,,,,,,,,,,,,,,,,,,,,,,,,,,,,,,,,,,,,,,,,,,,,,
307,Sinclair Mills,,18:30:00 (12),36:44:00 (23),,,,,,,,,,,,,,,,,,,,,,,,,,,,,,,,,,,,,,,,,,,,,,,,,,,,,,,,,,,,,,,,,,,
308,Wyoming,,,,,,,,,,,,,,,,,,,,,,,,,,,,,,,,,,,,,,,,,,,,,,,,,,,,,08:56:00 (2),22:09:00 (11),,,,,,,,,,,,,,,,
309,Woodstock,,,,,,,,,,,,,,,,,,,,,,,,,,,,,,,,,,,,,,,,,,,08:12:00 (5),08:31:00 (5),11:26:00 (6),13:10:00 (5),19:06:00 (5),,20:10:00 (6),21:18:00 (5),06:55:00 (2),17:49:00 (4),,,,,,,,,,,,,,,,,,
310,Katz,20:17:00 (4),,,,,,,,,,,,,,,,,,,,,,,,,,,,,,,,,,,,,,,,,,,,,,,,,,,,,,,,,,,,,,,,,,,,,
311,Tidal,,,,,,,,,,,,,,,,,,,,,,,,,,,,,,,,,,,,,,,,,,,,,,,,,,,,,,,,,,,,,,,,,,,33:37:00 (49),,,
312,Sheahan,,,,,,,,,,,,,,,,,,,,,,,,,,,,,,,,,,,,,,,,,,,,,,,,,,,,,,,13:41:00 (27),,,,,,,,,,,,,,,
313,Strachan,,,,,,,,,,,,,,,,,,,,,,,,,,,,,,,,,,,,,,,,,,,,,,,,,,,,,,,,,17:23:00 (39),,,,,,,,,,,,,
314,Hinton,39:45:00 (12),,,,,,,,,,,,,,,,,,,,,,,,,,,,,,,,,,,,,,,,,,,,,,,,,,,,,,,,,,,,,,,,,,,,,
315,Ponton,,,,,,,,,,,,,,,,,,,,,,,,,,,,,,,,,,,,,,,,,,,,,,,,,,,,,,,,,,,,,,,,,,,07:42:00 (15),,,
316,Reserve,,,,,,,,,,,,,,,,,,,,,,,,,,,,,,,,,,,,,,,,,,,,,,,,,,,,,,,,,,,,,,,,,,,,,,
317,Hudson,,,,,,,,,,,,,,,,,,,,,,,,,,,,,,,,,,,,,,,,,,,,,,,,,,,,,,,,,,,,,,,,,,,,,18:58:00 (17),09:21:00 (6)
318,Miramichi,,,,34:38:00 (21),16:57:00 (8),,,,,,,,,,,,,,,,,,,,,,,,,,,,,,,,,,,,,,,,,,,,,,,,,,,,,,,,,,,,,,,,,
319,Sultan,,,,,,,,,,,,,,,,,,,,,,,,,,,,,,,,,,,,,,,,,,,,,,,,,,,,,,,11:50:00 (19),,,,,,,,,,,,,,,
320,Ramsey,,,,,,,,,,,,,,,,,,,,,,,,,,,,,,,,,,,,,,,,,,,,,,,,,,,,,,,12:20:00 (21),,,,,,,,,,,,,,,
321,Winnitoba,74:21:00 (29),,,,,,,,,,,,,,,,,,,,,,,,,,,,,,,,,,,,,,,,,,,,,,,,,,,,,,,,,,,,,,,,,,,,,
322,Ashcroft,25:32:00 (6),,,,,,,,,,,,,,,,,,,,,,,,,,,,,,,,,,,,,,,,,,,,,,,,,,,,,,,,,,,,,,,,,,,,,
323,Blue River,32:11:00 (9),,,,,,,,,,,,,,,,,,,,,,,,,,,,,,,,,,,,,,,,,,,,,,,,,,,,,,,,,,,,,,,,,,,,,
324,Washago,106:00:00 (66),,,,,,,,,,,,,,,,,,,,,,,,,,,,,,,,,,,,,,,,,,,,,,,,,,,,,,,,,,,,,,,,,,,,,
325,Kingston,,,,,,,,,,,,,,,,,,12:52:00 (4),07:29:00 (5),15:02:00 (9),11:35:00 (3),16:37:00 (3),12:31:00 (3),17:58:00 (5),14:49:00 (6),21:09:00 (9),09:02:00 (6),11:05:00 (6),13:58:00 (5),20:12:00 (9),17:31:00 (4),20:14:00 (5),09:02:00 (6),09:34:00 (4),11:05:00 (6),11:42:00 (5),14:08:00 (6),13:40:00 (4),17:44:00 (5),16:07:00 (4),19:29:00 (5),19:28:00 (5),,,,,,,,,,,,,,,,10:36:00 (5),15:47:00 (6),16:38:00 (3),,18:58:00 (3),21:56:00 (6),05:32:00 (1),20:25:00 (4),20:55:00 (4),,,,
326,Press,,,,,,,,,,,,,,,,,,,,,,,,,,,,,,,,,,,,,,,,,,,,,,,,,,,,,,,,,19:50:00 (57),,,,,,,,,,,,,
327,Montmagny,,,,23:18:00 (6),28:40:00 (23),,,,,,,,,,,,,,,,,,,,,,,,,,,,,,,,,,,,,,,,,,,,,,,,,,,,,,,,,,,,,,,,,
328,Lac des Roches,,,,,,,,,,,,,,,,,,,,,,,,,,,,,,,,,,,,,,,,,,,,,,,,,,,,,,,,15:41:00 (38),,,,,,,,,,,,,,
329,Roblin,,,,,,,,,,,,,,,,,,,,,,,,,,,,,,,,,,,,,,,,,,,,,,,,,,,,,,,,,,,,,,,,,,,,,,
330,Club Lizotte,,,,,,,,,,,,,,,,,,,,,,,,,,,,,,,,,,,,,,,,,,,,,,,,,,,,,,,,15:57:00 (40),,,,,,,,,,,,,,
331,Rome,,,,,,,,,,,,,,,,,,,,,,,,,,,,,,,,,,,,,,,,,,,,,,,,,,,,,,,,,,,,,,,,,,,,,15:36:00 (12),12:03:00 (11)
332,Richan,77:28:00 (39),,,,,,,,,,,,,,,,,,,,,,,,,,,,,,,,,,,,,,,,,,,,,,,,,,,,,,,,,,,,,,,,,,,,,
333,McKee's Camp,97:20:00 (61),,,,,,,,,,,,,,,,,,,,,,,,,,,,,,,,,,,,,,,,,,,,,,,,,,,,,,,,,,,,,,,,,,,,,
334,Kamloops North,27:52:00 (7),,,,,,,,,,,,,,,,,,,,,,,,,,,,,,,,,,,,,,,,,,,,,,,,,,,,,,,,,,,,,,,,,,,,,
335,White River,,,,,,,,,,,,,,,,,,,,,,,,,,,,,,,,,,,,,,,,,,,,,,,,,,,,,,,07:00:00 (1),,,,,,,,,,,,,,,
336,Red Lake Road,76:51:00 (38),,,,,,,,,,,,,,,,,,,,,,,,,,,,,,,,,,,,,,,,,,,,,,,,,,,,,,,,,,,,,,,,,,,,,
337,Matapédia,,,,29:40:00 (15),21:52:00 (14),,,,,,,,,,,,,,,,,,,,,,,,,,,,,,,,,,,,,,,,,,,,,,,,,,,,,,,,,,,,,,,,,
338,Capreol,100:27:00 (63),,,,,,,,,,,,,,,,,,,,,,,,,,,,,,,,,,,,,,,,,,,,,,,,,,,,,,,,,,,,,,,,,,,,,
339,Parry Sound,104:00:00 (65),,,,,,,,,,,,,,,,,,,,,,,,,,,,,,,,,,,,,,,,,,,,,,,,,,,,,,,,,,,,,,,,,,,,,
340,Toronto,110:29:00 (67),,,,,,,,,,,,,,,,,10:32:00 (1),10:02:00 (11),12:17:00 (1),13:48:00 (5),14:17:00 (1),14:48:00 (4),15:32:00 (1),17:18:00 (10),18:32:00 (1),06:32:00 (1),08:32:00 (1),16:33:00 (10),17:32:00 (1),20:18:00 (11),22:48:00 (11),06:32:00 (1),12:03:00 (8),08:32:00 (1),14:18:00 (10),11:32:00 (1),16:18:00 (9),15:17:00 (1),18:33:00 (8),17:02:00 (1),21:48:00 (8),10:10:00 (9),06:50:00 (1),13:11:00 (10),11:30:00 (1),17:22:00 (1),17:53:00 (8),21:50:00 (10),19:45:00 (1),08:35:00 (4),16:15:00 (1),13:38:00 (12),17:40:00 (1),,,,13:18:00 (13),13:17:00 (1),19:03:00 (6),16:32:00 (1),21:18:00 (6),19:35:00 (1),08:25:00 (9),18:02:00 (1),23:18:00 (7),,,08:20:00 (1),19:43:00 (22)
341,Saskatoon,56:57:00 (20),,,,,,,,,,,,,,,,,,,,,,,,,,,,,,,,,,,,,,,,,,,,,,,,,,,,,,,,,,,,,,,,,,,,,
342,Esher,,,,,,,,,,,,,,,,,,,,,,,,,,,,,,,,,,,,,,,,,,,,,,,,,,,,,,,10:15:00 (13),,,,,,,,,,,,,,,
343,Kinogama,,,,,,,,,,,,,,,,,,,,,,,,,,,,,,,,,,,,,,,,,,,,,,,,,,,,,,,11:29:00 (17),,,,,,,,,,,,,,,
344,Dix,,,,,,,,,,,,,,,,,,,,,,,,,,,,,,,,,,,,,,,,,,,,,,,,,,,,,,,,,19:13:00 (54),,,,,,,,,,,,,
345,Duplessis,,,,,,,,,,,,,,,,,,,,,,,,,,,,,,,,,,,,,,,,,,,,,,,,,,,,,,,,,14:32:00 (19),,,,,,,,,,,,,
346,Endako,,37:50:00 (20),20:25:00 (15),,,,,,,,,,,,,,,,,,,,,,,,,,,,,,,,,,,,,,,,,,,,,,,,,,,,,,,,,,,,,,,,,,,
347,Gilbert Plains,,,,,,,,,,,,,,,,,,,,,,,,,,,,,,,,,,,,,,,,,,,,,,,,,,,,,,,,,,,,,,,,,,,,,,
348,Parent,,,,,,,,,,,,,,,,,,,,,,,,,,,,,,,,,,,,,,,,,,,,,,,,,,,,,,,,,16:48:00 (36),,,,,,,,,,,,,
349,Willow River,,19:31:00 (16),35:48:00 (19),,,,,,,,,,,,,,,,,,,,,,,,,,,,,,,,,,,,,,,,,,,,,,,,,,,,,,,,,,,,,,,,,,,
350,Napanee,,,,,,,,,,,,,,,,,,,07:50:00 (6),14:38:00 (8),,,,,,20:47:00 (8),,,,19:50:00 (8),17:55:00 (5),,,,,,,,,,,,,,,,,,,,,,,,,,,10:59:00 (6),,,,,,05:55:00 (2),,,,,,
351,Veregin,,,,,,,,,,,,,,,,,,,,,,,,,,,,,,,,,,,,,,,,,,,,,,,,,,,,,,,,,,,,,,,,,,,,,,
352,Oskelaneo Lodge,,,,,,,,,,,,,,,,,,,,,,,,,,,,,,,,,,,,,,,,,,,,,,,,,,,,,,,,,17:49:00 (42),,,,,,,,,,,,,
353,Upper Frazer,,18:52:00 (14),36:25:00 (21),,,,,,,,,,,,,,,,,,,,,,,,,,,,,,,,,,,,,,,,,,,,,,,,,,,,,,,,,,,,,,,,,,,
354,Sanmaur,,,,,,,,,,,,,,,,,,,,,,,,,,,,,,,,,,,,,,,,,,,,,,,,,,,,,,,,,15:29:00 (28),,,,,,,,,,,,,
355,Smithers,,41:20:00 (24),17:24:00 (11),,,,,,,,,,,,,,,,,,,,,,,,,,,,,,,,,,,,,,,,,,,,,,,,,,,,,,,,,,,,,,,,,,,
356,Abbotsford,,,,,,,,,,,,,,,,,,,,,,,,,,,,,,,,,,,,,,,,,,,,,,,,,,,,,,,,,,,,,,,,,,,,,,
357,Chesnaye,,,,,,,,,,,,,,,,,,,,,,,,,,,,,,,,,,,,,,,,,,,,,,,,,,,,,,,,,,,,,,,,,,,32:06:00 (48),,,
358,Watrous,58:26:00 (21),,,,,,,,,,,,,,,,,,,,,,,,,,,,,,,,,,,,,,,,,,,,,,,,,,,,,,,,,,,,,,,,,,,,,
359,New Hazelton,,42:37:00 (25),15:30:00 (10),,,,,,,,,,,,,,,,,,,,,,,,,,,,,,,,,,,,,,,,,,,,,,,,,,,,,,,,,,,,,,,,,,,
360,Montréal,,,,18:30:00 (1),33:53:00 (28),06:25:00 (1),08:36:00 (6),12:45:00 (5),16:40:00 (5),18:25:00 (6),21:00:00 (6),06:20:00 (1),09:00:00 (7),11:54:00 (7),16:30:00 (6),19:57:00 (5),18:50:00 (5),,,,,,,,,,,,,,,,11:50:00 (9),06:45:00 (1),14:00:00 (9),08:46:00 (1),17:05:00 (10),10:49:00 (1),20:25:00 (8),13:22:00 (1),22:14:00 (9),16:38:00 (1),,,,,,,,,,,,,,07:30:00 (1),07:30:00 (1),,,,,,,,23:04:00 (7),18:09:00 (1),,,,
361,Portage la Prairie,68:15:00 (24),,,,,,,,,,,,,,,,,,,,,,,,,,,,,,,,,,,,,,,,,,,,,,,,,,,,,,,,,,,,,,,,,,,,,
362,Rhinecliff,,,,,,,,,,,,,,,,,,,,,,,,,,,,,,,,,,,,,,,,,,,,,,,,,,,,,,,,,,,,,,,,,,,,,19:20:00 (18),09:00:00 (5)
363,Amqui,,,,28:33:00 (13),23:02:00 (16),,,,,,,,,,,,,,,,,,,,,,,,,,,,,,,,,,,,,,,,,,,,,,,,,,,,,,,,,,,,,,,,,
364,Azilda,,,,,,,,,,,,,,,,,,,,,,,,,,,,,,,,,,,,,,,,,,,,,,,,,,,,,,,15:05:00 (35),,,,,,,,,,,,,,,
365,Kitchener,,,,,,,,,,,,,,,,,,,,,,,,,,,,,,,,,,,,,,,,,,,,,,,,,,,,,12:04:00 (7),19:18:00 (6),,,,,,,,,,,,,,,,
366,Lochalsh,,,,,,,,,,,,,,,,,,,,,,,,,,,,,,,,,,,,,,,,,,,,,,,,,,,,,,,08:40:00 (7),,,,,,,,,,,,,,,
367,Canora,,,,,,,,,,,,,,,,,,,,,,,,,,,,,,,,,,,,,,,,,,,,,,,,,,,,,,,,,,,,,,,,,,,,,,
368,Halcrow,,,,,,,,,,,,,,,,,,,,,,,,,,,,,,,,,,,,,,,,,,,,,,,,,,,,,,,,,,,,,,,,,,,05:01:00 (7),,,
369,Chatham,,,,,,,,,,,,,,,,,,,,,,,,,,,,,,,,,,,,,,,,,,,06:23:00 (2),10:19:00 (9),09:29:00 (2),14:54:00 (7),20:58:00 (9),14:31:00 (2),18:28:00 (2),22:59:00 (9),,,,,,,,,,,,,,,,,,,,
370,Bridgar,,,,,,,,,,,,,,,,,,,,,,,,,,,,,,,,,,,,,,,,,,,,,,,,,,,,,,,,,,,,,,,,,,,20:13:00 (30),,,
371,Cornwall,,,,,,,,,,,,,,,,,,,,,,,,,,,,,,,,,10:40:00 (7),08:04:00 (3),12:45:00 (7),10:07:00 (3),15:46:00 (8),12:09:00 (3),19:10:00 (6),14:40:00 (3),20:59:00 (7),17:55:00 (3),,,,,,,,,,,,,,,,,,,,,,,21:51:00 (5),19:28:00 (3),,,,
372,Endeavour,,,,,,,,,,,,,,,,,,,,,,,,,,,,,,,,,,,,,,,,,,,,,,,,,,,,,,,,,,,,,,,,,,,,,,
373,Hockin,,,,,,,,,,,,,,,,,,,,,,,,,,,,,,,,,,,,,,,,,,,,,,,,,,,,,,,,,,,,,,,,,,,10:22:00 (24),,,
374,Ferguson,,,,,,,,,,,,,,,,,,,,,,,,,,,,,,,,,,,,,,,,,,,,,,,,,,,,,,,,,14:55:00 (22),,,,,,,,,,,,,
375,Sauvé (EXO),,,,,,,,,,,,,,,,,,,,,,,,,,,,,,,,,,,,,,,,,,,,,,,,,,,,,,,,08:11:00 (2),08:11:00 (2),,,,,,,,,,,,,
376,Club Nicol,,,,,,,,,,,,,,,,,,,,,,,,,,,,,,,,,,,,,,,,,,,,,,,,,,,,,,,,14:20:00 (27),,,,,,,,,,,,,,
377,Club Grégoire,,,,,,,,,,,,,,,,,,,,,,,,,,,,,,,,,,,,,,,,,,,,,,,,,,,,,,,,15:03:00 (32),,,,,,,,,,,,,,
378,Weymont,,,,,,,,,,,,,,,,,,,,,,,,,,,,,,,,,,,,,,,,,,,,,,,,,,,,,,,,,15:27:00 (27),,,,,,,,,,,,,
379,Lac Malouin,,,,,,,,,,,,,,,,,,,,,,,,,,,,,,,,,,,,,,,,,,,,,,,,,,,,,,,,13:43:00 (21),,,,,,,,,,,,,,
380,Summit,,,,,,,,,,,,,,,,,,,,,,,,,,,,,,,,,,,,,,,,,,,,,,,,,,,,,,,,15:09:00 (34),,,,,,,,,,,,,,
381,Sioux Lookout,79:51:00 (40),,,,,,,,,,,,,,,,,,,,,,,,,,,,,,,,,,,,,,,,,,,,,,,,,,,,,,,,,,,,,,,,,,,,,
382,Cherokee,,,,,,,,,,,,,,,,,,,,,,,,,,,,,,,,,,,,,,,,,,,,,,,,,,,,,,,,14:54:00 (30),,,,,,,,,,,,,,
383,Sayabec,,,,28:10:00 (12),23:22:00 (17),,,,,,,,,,,,,,,,,,,,,,,,,,,,,,,,,,,,,,,,,,,,,,,,,,,,,,,,,,,,,,,,,
384,Saint-Justin,,,,,,,,,,,,,,,,,,,,,,,,,,,,,,,,,,,,,,,,,,,,,,,,,,,,,,,,09:37:00 (5),09:37:00 (5),,,,,,,,,,,,,
385,Springhill Jct.,,,,38:18:00 (26),13:13:00 (3),,,,,,,,,,,,,,,,,,,,,,,,,,,,,,,,,,,,,,,,,,,,,,,,,,,,,,,,,,,,,,,,,
386,Sinker,,,,,,,,,,,,,,,,,,,,,,,,,,,,,,,,,,,,,,,,,,,,,,,,,,,,,,,13:10:00 (24),,,,,,,,,,,,,,,
387,Forks,,,,,,,,,,,,,,,,,,,,,,,,,,,,,,,,,,,,,,,,,,,,,,,,,,,,,,,13:31:00 (26),,,,,,,,,,,,,,,
